Symbol,YahooSymbol,Name,Exchange,Series
20MICRONS,20MICRONS.NS,20MICRONS,NSE,EQ
21STCENMGM,21STCENMGM.NS,21STCENMGM,NSE,EQ
360ONE,360ONE.NS,360ONE,NSE,EQ
3IINFOLTD,3IINFOLTD.NS,3IINFOLTD,NSE,EQ
3MINDIA,3MINDIA.NS,3MINDIA,NSE,EQ
3PLAND,3PLAND.NS,3PLAND,NSE,EQ
5PAISA,5PAISA.NS,5PAISA,NSE,EQ
63MOONS,63MOONS.NS,63MOONS,NSE,EQ
AAATECH,AAATECH.NS,AAATECH,NSE,EQ
AADHARHFC,AADHARHFC.NS,AADHARHFC,NSE,EQ
AAREYDRUGS,AAREYDRUGS.NS,AAREYDRUGS,NSE,EQ
AARNAV,AARNAV.NS,AARNAV,NSE,EQ
AARON,AARON.NS,AARON,NSE,EQ
AARTECH,AARTECH.NS,AARTECH,NSE,EQ
AARTIDRUGS,AARTIDRUGS.NS,AARTIDRUGS,NSE,EQ
AARTIIND,AARTIIND.NS,AARTIIND,NSE,EQ
AARTIPHARM,AARTIPHARM.NS,AARTIPHARM,NSE,EQ
AARTISURF,AARTISURF.NS,AARTISURF,NSE,EQ
AARVI,AARVI.NS,AARVI,NSE,EQ
AAVAS,AAVAS.NS,AAVAS,NSE,EQ
ABB,ABB.NS,ABB,NSE,EQ
ABBOTINDIA,ABBOTINDIA.NS,ABBOTINDIA,NSE,EQ
ABCAPITAL,ABCAPITAL.NS,ABCAPITAL,NSE,EQ
ABCOTS,ABCOTS.NS,ABCOTS,NSE,EQ
ABDL,ABDL.NS,ABDL,NSE,EQ
ABFRL,ABFRL.NS,ABFRL,NSE,EQ
ABINFRA,ABINFRA.NS,ABINFRA,NSE,EQ
ABLBL,ABLBL.NS,ABLBL,NSE,EQ
ABREL,ABREL.NS,ABREL,NSE,EQ
ABSL10BANK,ABSL10BANK.NS,ABSL10BANK,NSE,EQ
ABSLAMC,ABSLAMC.NS,ABSLAMC,NSE,EQ
ABSLBANETF,ABSLBANETF.NS,ABSLBANETF,NSE,EQ
ABSLLIQUID,ABSLLIQUID.NS,ABSLLIQUID,NSE,EQ
ABSLMSCIN,ABSLMSCIN.NS,ABSLMSCIN,NSE,EQ
ABSLNN50ET,ABSLNN50ET.NS,ABSLNN50ET,NSE,EQ
ABSLPSE,ABSLPSE.NS,ABSLPSE,NSE,EQ
ACC,ACC.NS,ACC,NSE,EQ
ACCELYA,ACCELYA.NS,ACCELYA,NSE,EQ
ACCURACY,ACCURACY.NS,ACCURACY,NSE,EQ
ACE,ACE.NS,ACE,NSE,EQ
ACEINTEG,ACEINTEG.NS,ACEINTEG,NSE,EQ
ACI,ACI.NS,ACI,NSE,EQ
ACL,ACL.NS,ACL,NSE,EQ
ACMESOLAR,ACMESOLAR.NS,ACMESOLAR,NSE,EQ
ACUTAAS,ACUTAAS.NS,ACUTAAS,NSE,EQ
ADANIENSOL,ADANIENSOL.NS,ADANIENSOL,NSE,EQ
ADANIENT,ADANIENT.NS,ADANIENT,NSE,EQ
ADANIGREEN,ADANIGREEN.NS,ADANIGREEN,NSE,EQ
ADANIPORTS,ADANIPORTS.NS,ADANIPORTS,NSE,EQ
ADANIPOWER,ADANIPOWER.NS,ADANIPOWER,NSE,EQ
ADFFOODS,ADFFOODS.NS,ADFFOODS,NSE,EQ
ADL,ADL.NS,ADL,NSE,EQ
ADOR,ADOR.NS,ADOR,NSE,EQ
ADROITINFO,ADROITINFO.NS,ADROITINFO,NSE,EQ
ADSL,ADSL.NS,ADSL,NSE,EQ
ADVAIT,ADVAIT.NS,ADVAIT,NSE,EQ
ADVANCE,ADVANCE.NS,ADVANCE,NSE,EQ
ADVANIHOTR,ADVANIHOTR.NS,ADVANIHOTR,NSE,EQ
ADVENTHTL,ADVENTHTL.NS,ADVENTHTL,NSE,EQ
ADVENZYMES,ADVENZYMES.NS,ADVENZYMES,NSE,EQ
AEGISLOG,AEGISLOG.NS,AEGISLOG,NSE,EQ
AEGISVOPAK,AEGISVOPAK.NS,AEGISVOPAK,NSE,EQ
AEPL,AEPL.NS,AEPL,NSE,EQ
AEQUS,AEQUS.NS,AEQUS,NSE,EQ
AEROENTER,AEROENTER.NS,AEROENTER,NSE,EQ
AEROFLEX,AEROFLEX.NS,AEROFLEX,NSE,EQ
AERONEU,AERONEU.NS,AERONEU,NSE,EQ
AETHER,AETHER.NS,AETHER,NSE,EQ
AFCONS,AFCONS.NS,AFCONS,NSE,EQ
AFFLE,AFFLE.NS,AFFLE,NSE,EQ
AFFORDABLE,AFFORDABLE.NS,AFFORDABLE,NSE,EQ
AFSL,AFSL.NS,AFSL,NSE,EQ
AGARIND,AGARIND.NS,AGARIND,NSE,EQ
AGARWALEYE,AGARWALEYE.NS,AGARWALEYE,NSE,EQ
AGI,AGI.NS,AGI,NSE,EQ
AGIIL,AGIIL.NS,AGIIL,NSE,EQ
AGRITECH,AGRITECH.NS,AGRITECH,NSE,EQ
AGROPHOS,AGROPHOS.NS,AGROPHOS,NSE,EQ
AHCL,AHCL.NS,AHCL,NSE,EQ
AHLADA,AHLADA.NS,AHLADA,NSE,EQ
AHLEAST,AHLEAST.NS,AHLEAST,NSE,EQ
AHLUCONT,AHLUCONT.NS,AHLUCONT,NSE,EQ
AIAENG,AIAENG.NS,AIAENG,NSE,EQ
AIIL,AIIL.NS,AIIL,NSE,EQ
AIRAN,AIRAN.NS,AIRAN,NSE,EQ
AIROLAM,AIROLAM.NS,AIROLAM,NSE,EQ
AJANTPHARM,AJANTPHARM.NS,AJANTPHARM,NSE,EQ
AJAXENGG,AJAXENGG.NS,AJAXENGG,NSE,EQ
AJMERA,AJMERA.NS,AJMERA,NSE,EQ
AJOONI,AJOONI.NS,AJOONI,NSE,EQ
AKASH,AKASH.NS,AKASH,NSE,EQ
AKG,AKG.NS,AKG,NSE,EQ
AKI,AKI.NS,AKI,NSE,EQ
AKSHAR,AKSHAR.NS,AKSHAR,NSE,EQ
AKSHARCHEM,AKSHARCHEM.NS,AKSHARCHEM,NSE,EQ
AKSHOPTFBR,AKSHOPTFBR.NS,AKSHOPTFBR,NSE,EQ
AKUMS,AKUMS.NS,AKUMS,NSE,EQ
AKZOINDIA,AKZOINDIA.NS,AKZOINDIA,NSE,EQ
ALANKIT,ALANKIT.NS,ALANKIT,NSE,EQ
ALBERTDAVD,ALBERTDAVD.NS,ALBERTDAVD,NSE,EQ
ALEMBICLTD,ALEMBICLTD.NS,ALEMBICLTD,NSE,EQ
ALGOQUANT,ALGOQUANT.NS,ALGOQUANT,NSE,EQ
ALICON,ALICON.NS,ALICON,NSE,EQ
ALIVUS,ALIVUS.NS,ALIVUS,NSE,EQ
ALKALI,ALKALI.NS,ALKALI,NSE,EQ
ALKEM,ALKEM.NS,ALKEM,NSE,EQ
ALKYLAMINE,ALKYLAMINE.NS,ALKYLAMINE,NSE,EQ
ALLCARGO,ALLCARGO.NS,ALLCARGO,NSE,EQ
ALLDIGI,ALLDIGI.NS,ALLDIGI,NSE,EQ
ALLTIME,ALLTIME.NS,ALLTIME,NSE,EQ
ALMONDZ,ALMONDZ.NS,ALMONDZ,NSE,EQ
ALOKINDS,ALOKINDS.NS,ALOKINDS,NSE,EQ
ALPA,ALPA.NS,ALPA,NSE,EQ
ALPHA,ALPHA.NS,ALPHA,NSE,EQ
ALPHAETF,ALPHAETF.NS,ALPHAETF,NSE,EQ
ALPHAGEO,ALPHAGEO.NS,ALPHAGEO,NSE,EQ
ALPL30IETF,ALPL30IETF.NS,ALPL30IETF,NSE,EQ
AMAGI,AMAGI.NS,AMAGI,NSE,EQ
AMANTA,AMANTA.NS,AMANTA,NSE,EQ
AMBER,AMBER.NS,AMBER,NSE,EQ
AMBICAAGAR,AMBICAAGAR.NS,AMBICAAGAR,NSE,EQ
AMBIKCO,AMBIKCO.NS,AMBIKCO,NSE,EQ
AMBUJACEM,AMBUJACEM.NS,AMBUJACEM,NSE,EQ
AMDIND,AMDIND.NS,AMDIND,NSE,EQ
AMJLAND,AMJLAND.NS,AMJLAND,NSE,EQ
AMNPLST,AMNPLST.NS,AMNPLST,NSE,EQ
AMRUTANJAN,AMRUTANJAN.NS,AMRUTANJAN,NSE,EQ
ANANDRATHI,ANANDRATHI.NS,ANANDRATHI,NSE,EQ
ANANTRAJ,ANANTRAJ.NS,ANANTRAJ,NSE,EQ
ANDHRAPAP,ANDHRAPAP.NS,ANDHRAPAP,NSE,EQ
ANDHRSUGAR,ANDHRSUGAR.NS,ANDHRSUGAR,NSE,EQ
ANGELONE,ANGELONE.NS,ANGELONE,NSE,EQ
ANIKINDS,ANIKINDS.NS,ANIKINDS,NSE,EQ
ANMOL,ANMOL.NS,ANMOL,NSE,EQ
ANTELOPUS,ANTELOPUS.NS,ANTELOPUS,NSE,EQ
ANTGRAPHIC,ANTGRAPHIC.NS,ANTGRAPHIC,NSE,EQ
ANTHEM,ANTHEM.NS,ANTHEM,NSE,EQ
ANUHPHR,ANUHPHR.NS,ANUHPHR,NSE,EQ
ANUP,ANUP.NS,ANUP,NSE,EQ
ANURAS,ANURAS.NS,ANURAS,NSE,EQ
AONEGOLD,AONEGOLD.NS,AONEGOLD,NSE,EQ
AONELIQUID,AONELIQUID.NS,AONELIQUID,NSE,EQ
AONENIFTY,AONENIFTY.NS,AONENIFTY,NSE,EQ
AONESILVER,AONESILVER.NS,AONESILVER,NSE,EQ
AONETMMQ50,AONETMMQ50.NS,AONETMMQ50,NSE,EQ
AONETOTAL,AONETOTAL.NS,AONETOTAL,NSE,EQ
APARINDS,APARINDS.NS,APARINDS,NSE,EQ
APCL,APCL.NS,APCL,NSE,EQ
APCOTEXIND,APCOTEXIND.NS,APCOTEXIND,NSE,EQ
APEX,APEX.NS,APEX,NSE,EQ
APLAPOLLO,APLAPOLLO.NS,APLAPOLLO,NSE,EQ
APLLTD,APLLTD.NS,APLLTD,NSE,EQ
APOLLO,APOLLO.NS,APOLLO,NSE,EQ
APOLLOHOSP,APOLLOHOSP.NS,APOLLOHOSP,NSE,EQ
APOLLOPIPE,APOLLOPIPE.NS,APOLLOPIPE,NSE,EQ
APOLLOTYRE,APOLLOTYRE.NS,APOLLOTYRE,NSE,EQ
APOLSINHOT,APOLSINHOT.NS,APOLSINHOT,NSE,EQ
APTECHT,APTECHT.NS,APTECHT,NSE,EQ
APTUS,APTUS.NS,APTUS,NSE,EQ
AQYLON,AQYLON.NS,AQYLON,NSE,EQ
ARCHIDPLY,ARCHIDPLY.NS,ARCHIDPLY,NSE,EQ
ARCHIES,ARCHIES.NS,ARCHIES,NSE,EQ
ARE&M,ARE&M.NS,ARE&M,NSE,EQ
ARENTERP,ARENTERP.NS,ARENTERP,NSE,EQ
ARFIN,ARFIN.NS,ARFIN,NSE,EQ
ARIES,ARIES.NS,ARIES,NSE,EQ
ARIHANTCAP,ARIHANTCAP.NS,ARIHANTCAP,NSE,EQ
ARIHANTSUP,ARIHANTSUP.NS,ARIHANTSUP,NSE,EQ
ARIS,ARIS.NS,ARIS,NSE,EQ
ARKADE,ARKADE.NS,ARKADE,NSE,EQ
ARMANFIN,ARMANFIN.NS,ARMANFIN,NSE,EQ
AROGRANITE,AROGRANITE.NS,AROGRANITE,NSE,EQ
ARROWGREEN,ARROWGREEN.NS,ARROWGREEN,NSE,EQ
ARSSBL,ARSSBL.NS,ARSSBL,NSE,EQ
ARTEMISMED,ARTEMISMED.NS,ARTEMISMED,NSE,EQ
ARTNIRMAN,ARTNIRMAN.NS,ARTNIRMAN,NSE,EQ
ARVEE,ARVEE.NS,ARVEE,NSE,EQ
ARVIND,ARVIND.NS,ARVIND,NSE,EQ
ARVINDFASN,ARVINDFASN.NS,ARVINDFASN,NSE,EQ
ARVSMART,ARVSMART.NS,ARVSMART,NSE,EQ
ASAHIINDIA,ASAHIINDIA.NS,ASAHIINDIA,NSE,EQ
ASAHISONG,ASAHISONG.NS,ASAHISONG,NSE,EQ
ASAL,ASAL.NS,ASAL,NSE,EQ
ASALCBR,ASALCBR.NS,ASALCBR,NSE,EQ
ASHAPURMIN,ASHAPURMIN.NS,ASHAPURMIN,NSE,EQ
ASHIANA,ASHIANA.NS,ASHIANA,NSE,EQ
ASHIMASYN,ASHIMASYN.NS,ASHIMASYN,NSE,EQ
ASHOKA,ASHOKA.NS,ASHOKA,NSE,EQ
ASHOKAMET,ASHOKAMET.NS,ASHOKAMET,NSE,EQ
ASHOKLEY,ASHOKLEY.NS,ASHOKLEY,NSE,EQ
ASIANENE,ASIANENE.NS,ASIANENE,NSE,EQ
ASIANHOTNR,ASIANHOTNR.NS,ASIANHOTNR,NSE,EQ
ASIANPAINT,ASIANPAINT.NS,ASIANPAINT,NSE,EQ
ASIANTILES,ASIANTILES.NS,ASIANTILES,NSE,EQ
ASKAUTOLTD,ASKAUTOLTD.NS,ASKAUTOLTD,NSE,EQ
ASMS,ASMS.NS,ASMS,NSE,EQ
ASPINWALL,ASPINWALL.NS,ASPINWALL,NSE,EQ
ASTEC,ASTEC.NS,ASTEC,NSE,EQ
ASTERDM,ASTERDM.NS,ASTERDM,NSE,EQ
ASTRAL,ASTRAL.NS,ASTRAL,NSE,EQ
ASTRAMICRO,ASTRAMICRO.NS,ASTRAMICRO,NSE,EQ
ASTRAZEN,ASTRAZEN.NS,ASTRAZEN,NSE,EQ
ASTRON,ASTRON.NS,ASTRON,NSE,EQ
ATALREAL,ATALREAL.NS,ATALREAL,NSE,EQ
ATAM,ATAM.NS,ATAM,NSE,EQ
ATGL,ATGL.NS,ATGL,NSE,EQ
ATHERENERG,ATHERENERG.NS,ATHERENERG,NSE,EQ
ATL,ATL.NS,ATL,NSE,EQ
ATLANTAA,ATLANTAA.NS,ATLANTAA,NSE,EQ
ATLANTAELE,ATLANTAELE.NS,ATLANTAELE,NSE,EQ
ATLASCYCLE,ATLASCYCLE.NS,ATLASCYCLE,NSE,EQ
ATUL,ATUL.NS,ATUL,NSE,EQ
ATULAUTO,ATULAUTO.NS,ATULAUTO,NSE,EQ
AUBANK,AUBANK.NS,AUBANK,NSE,EQ
AURIGROW,AURIGROW.NS,AURIGROW,NSE,EQ
AURIONPRO,AURIONPRO.NS,AURIONPRO,NSE,EQ
AUROPHARMA,AUROPHARMA.NS,AUROPHARMA,NSE,EQ
AURUM,AURUM.NS,AURUM,NSE,EQ
AUTOAXLES,AUTOAXLES.NS,AUTOAXLES,NSE,EQ
AUTOBEES,AUTOBEES.NS,AUTOBEES,NSE,EQ
AUTOIETF,AUTOIETF.NS,AUTOIETF,NSE,EQ
AUTOIND,AUTOIND.NS,AUTOIND,NSE,EQ
AVADHSUGAR,AVADHSUGAR.NS,AVADHSUGAR,NSE,EQ
AVALON,AVALON.NS,AVALON,NSE,EQ
AVANTEL,AVANTEL.NS,AVANTEL,NSE,EQ
AVANTIFEED,AVANTIFEED.NS,AVANTIFEED,NSE,EQ
AVG,AVG.NS,AVG,NSE,EQ
AVL,AVL.NS,AVL,NSE,EQ
AVONMORE,AVONMORE.NS,AVONMORE,NSE,EQ
AVROIND,AVROIND.NS,AVROIND,NSE,EQ
AVTNPL,AVTNPL.NS,AVTNPL,NSE,EQ
AWFIS,AWFIS.NS,AWFIS,NSE,EQ
AWHCL,AWHCL.NS,AWHCL,NSE,EQ
AWL,AWL.NS,AWL,NSE,EQ
AXISBANK,AXISBANK.NS,AXISBANK,NSE,EQ
AXISBNKETF,AXISBNKETF.NS,AXISBNKETF,NSE,EQ
AXISBPSETF,AXISBPSETF.NS,AXISBPSETF,NSE,EQ
AXISCADES,AXISCADES.NS,AXISCADES,NSE,EQ
AXISCETF,AXISCETF.NS,AXISCETF,NSE,EQ
AXISGOLD,AXISGOLD.NS,AXISGOLD,NSE,EQ
AXISHCETF,AXISHCETF.NS,AXISHCETF,NSE,EQ
AXISILVER,AXISILVER.NS,AXISILVER,NSE,EQ
AXISNIFTY,AXISNIFTY.NS,AXISNIFTY,NSE,EQ
AXISTECETF,AXISTECETF.NS,AXISTECETF,NSE,EQ
AXISVALUE,AXISVALUE.NS,AXISVALUE,NSE,EQ
AXSENSEX,AXSENSEX.NS,AXSENSEX,NSE,EQ
AYE,AYE.NS,AYE,NSE,EQ
AYMSYNTEX,AYMSYNTEX.NS,AYMSYNTEX,NSE,EQ
AZAD,AZAD.NS,AZAD,NSE,EQ
BAFNAPH,BAFNAPH.NS,BAFNAPH,NSE,EQ
BAGFILMS,BAGFILMS.NS,BAGFILMS,NSE,EQ
BAIDFIN,BAIDFIN.NS,BAIDFIN,NSE,EQ
BAJAJ-AUTO,BAJAJ-AUTO.NS,BAJAJ-AUTO,NSE,EQ
BAJAJCON,BAJAJCON.NS,BAJAJCON,NSE,EQ
BAJAJELEC,BAJAJELEC.NS,BAJAJELEC,NSE,EQ
BAJAJFINSV,BAJAJFINSV.NS,BAJAJFINSV,NSE,EQ
BAJAJHCARE,BAJAJHCARE.NS,BAJAJHCARE,NSE,EQ
BAJAJHFL,BAJAJHFL.NS,BAJAJHFL,NSE,EQ
BAJAJHIND,BAJAJHIND.NS,BAJAJHIND,NSE,EQ
BAJAJHLDNG,BAJAJHLDNG.NS,BAJAJHLDNG,NSE,EQ
BAJAJINDEF,BAJAJINDEF.NS,BAJAJINDEF,NSE,EQ
BAJEL,BAJEL.NS,BAJEL,NSE,EQ
BAJFINANCE,BAJFINANCE.NS,BAJFINANCE,NSE,EQ
BALAJEE,BALAJEE.NS,BALAJEE,NSE,EQ
BALAJITELE,BALAJITELE.NS,BALAJITELE,NSE,EQ
BALAMINES,BALAMINES.NS,BALAMINES,NSE,EQ
BALAXI,BALAXI.NS,BALAXI,NSE,EQ
BALKRISHNA,BALKRISHNA.NS,BALKRISHNA,NSE,EQ
BALKRISIND,BALKRISIND.NS,BALKRISIND,NSE,EQ
BALMLAWRIE,BALMLAWRIE.NS,BALMLAWRIE,NSE,EQ
BALPHARMA,BALPHARMA.NS,BALPHARMA,NSE,EQ
BALRAMCHIN,BALRAMCHIN.NS,BALRAMCHIN,NSE,EQ
BALUFORGE,BALUFORGE.NS,BALUFORGE,NSE,EQ
BANARBEADS,BANARBEADS.NS,BANARBEADS,NSE,EQ
BANARISUG,BANARISUG.NS,BANARISUG,NSE,EQ
BANCOINDIA,BANCOINDIA.NS,BANCOINDIA,NSE,EQ
BANDHANBNK,BANDHANBNK.NS,BANDHANBNK,NSE,EQ
BANG,BANG.NS,BANG,NSE,EQ
BANK10ADD,BANK10ADD.NS,BANK10ADD,NSE,EQ
BANKA,BANKA.NS,BANKA,NSE,EQ
BANKADD,BANKADD.NS,BANKADD,NSE,EQ
BANKBARODA,BANKBARODA.NS,BANKBARODA,NSE,EQ
BANKBEES,BANKBEES.NS,BANKBEES,NSE,EQ
BANKBETA,BANKBETA.NS,BANKBETA,NSE,EQ
BANKBETF,BANKBETF.NS,BANKBETF,NSE,EQ
BANKETF,BANKETF.NS,BANKETF,NSE,EQ
BANKIETF,BANKIETF.NS,BANKIETF,NSE,EQ
BANKINDIA,BANKINDIA.NS,BANKINDIA,NSE,EQ
BANKNIFTY1,BANKNIFTY1.NS,BANKNIFTY1,NSE,EQ
BANKPSU,BANKPSU.NS,BANKPSU,NSE,EQ
BANSALWIRE,BANSALWIRE.NS,BANSALWIRE,NSE,EQ
BANSWRAS,BANSWRAS.NS,BANSWRAS,NSE,EQ
BASF,BASF.NS,BASF,NSE,EQ
BASML,BASML.NS,BASML,NSE,EQ
BATAINDIA,BATAINDIA.NS,BATAINDIA,NSE,EQ
BAYERCROP,BAYERCROP.NS,BAYERCROP,NSE,EQ
BBETF0432,BBETF0432.NS,BBETF0432,NSE,EQ
BBL,BBL.NS,BBL,NSE,EQ
BBNPNBETF,BBNPNBETF.NS,BBNPNBETF,NSE,EQ
BBNPPGOLD,BBNPPGOLD.NS,BBNPPGOLD,NSE,EQ
BBOX,BBOX.NS,BBOX,NSE,EQ
BBTC,BBTC.NS,BBTC,NSE,EQ
BBTCL,BBTCL.NS,BBTCL,NSE,EQ
BCLIND,BCLIND.NS,BCLIND,NSE,EQ
BCONCEPTS,BCONCEPTS.NS,BCONCEPTS,NSE,EQ
BCPL,BCPL.NS,BCPL,NSE,EQ
BDL,BDL.NS,BDL,NSE,EQ
BEARDSELL,BEARDSELL.NS,BEARDSELL,NSE,EQ
BECTORFOOD,BECTORFOOD.NS,BECTORFOOD,NSE,EQ
BEL,BEL.NS,BEL,NSE,EQ
BELLACASA,BELLACASA.NS,BELLACASA,NSE,EQ
BELRISE,BELRISE.NS,BELRISE,NSE,EQ
BEML,BEML.NS,BEML,NSE,EQ
BEPL,BEPL.NS,BEPL,NSE,EQ
BERGEPAINT,BERGEPAINT.NS,BERGEPAINT,NSE,EQ
BETA,BETA.NS,BETA,NSE,EQ
BFINVEST,BFINVEST.NS,BFINVEST,NSE,EQ
BFSI,BFSI.NS,BFSI,NSE,EQ
BHAGCHEM,BHAGCHEM.NS,BHAGCHEM,NSE,EQ
BHAGERIA,BHAGERIA.NS,BHAGERIA,NSE,EQ
BHAGYANGR,BHAGYANGR.NS,BHAGYANGR,NSE,EQ
BHANDARI,BHANDARI.NS,BHANDARI,NSE,EQ
BHARATCOAL,BHARATCOAL.NS,BHARATCOAL,NSE,EQ
BHARATFORG,BHARATFORG.NS,BHARATFORG,NSE,EQ
BHARATGEAR,BHARATGEAR.NS,BHARATGEAR,NSE,EQ
BHARATRAS,BHARATRAS.NS,BHARATRAS,NSE,EQ
BHARATSE,BHARATSE.NS,BHARATSE,NSE,EQ
BHARATWIRE,BHARATWIRE.NS,BHARATWIRE,NSE,EQ
BHARTIARTL,BHARTIARTL.NS,BHARTIARTL,NSE,EQ
BHARTIHEXA,BHARTIHEXA.NS,BHARTIHEXA,NSE,EQ
BHEL,BHEL.NS,BHEL,NSE,EQ
BIGBLOC,BIGBLOC.NS,BIGBLOC,NSE,EQ
BIKAJI,BIKAJI.NS,BIKAJI,NSE,EQ
BIL,BIL.NS,BIL,NSE,EQ
BIOCON,BIOCON.NS,BIOCON,NSE,EQ
BIOFILCHEM,BIOFILCHEM.NS,BIOFILCHEM,NSE,EQ
BIRLACABLE,BIRLACABLE.NS,BIRLACABLE,NSE,EQ
BIRLACORPN,BIRLACORPN.NS,BIRLACORPN,NSE,EQ
BIRLAMONEY,BIRLAMONEY.NS,BIRLAMONEY,NSE,EQ
BIRLANU,BIRLANU.NS,BIRLANU,NSE,EQ
BLACKBUCK,BLACKBUCK.NS,BLACKBUCK,NSE,EQ
BLAL,BLAL.NS,BLAL,NSE,EQ
BLISSGVS,BLISSGVS.NS,BLISSGVS,NSE,EQ
BLKASHYAP,BLKASHYAP.NS,BLKASHYAP,NSE,EQ
BLS,BLS.NS,BLS,NSE,EQ
BLSE,BLSE.NS,BLSE,NSE,EQ
BLUECOAST,BLUECOAST.NS,BLUECOAST,NSE,EQ
BLUEDART,BLUEDART.NS,BLUEDART,NSE,EQ
BLUEJET,BLUEJET.NS,BLUEJET,NSE,EQ
BLUESTARCO,BLUESTARCO.NS,BLUESTARCO,NSE,EQ
BLUESTONE,BLUESTONE.NS,BLUESTONE,NSE,EQ
BLUSPRING,BLUSPRING.NS,BLUSPRING,NSE,EQ
BMWVENTLTD,BMWVENTLTD.NS,BMWVENTLTD,NSE,EQ
BODALCHEM,BODALCHEM.NS,BODALCHEM,NSE,EQ
BOMDYEING,BOMDYEING.NS,BOMDYEING,NSE,EQ
BOROLTD,BOROLTD.NS,BOROLTD,NSE,EQ
BORORENEW,BORORENEW.NS,BORORENEW,NSE,EQ
BOROSCI,BOROSCI.NS,BOROSCI,NSE,EQ
BOSCH-HCIL,BOSCH-HCIL.NS,BOSCH-HCIL,NSE,EQ
BOSCHLTD,BOSCHLTD.NS,BOSCHLTD,NSE,EQ
BPCL,BPCL.NS,BPCL,NSE,EQ
BPL,BPL.NS,BPL,NSE,EQ
BRIGADE,BRIGADE.NS,BRIGADE,NSE,EQ
BRIGHOTEL,BRIGHOTEL.NS,BRIGHOTEL,NSE,EQ
BRITANNIA,BRITANNIA.NS,BRITANNIA,NSE,EQ
BRNL,BRNL.NS,BRNL,NSE,EQ
BROOKS,BROOKS.NS,BROOKS,NSE,EQ
BSE,BSE.NS,BSE,NSE,EQ
BSE500IETF,BSE500IETF.NS,BSE500IETF,NSE,EQ
BSHSL,BSHSL.NS,BSHSL,NSE,EQ
BSL,BSL.NS,BSL,NSE,EQ
BSLGOLDETF,BSLGOLDETF.NS,BSLGOLDETF,NSE,EQ
BSLNIFTY,BSLNIFTY.NS,BSLNIFTY,NSE,EQ
BSLSENETFG,BSLSENETFG.NS,BSLSENETFG,NSE,EQ
BSOFT,BSOFT.NS,BSOFT,NSE,EQ
BTML,BTML.NS,BTML,NSE,EQ
BUILDPRO,BUILDPRO.NS,BUILDPRO,NSE,EQ
BUTTERFLY,BUTTERFLY.NS,BUTTERFLY,NSE,EQ
BVCL,BVCL.NS,BVCL,NSE,EQ
BYKE,BYKE.NS,BYKE,NSE,EQ
CALSOFT,CALSOFT.NS,CALSOFT,NSE,EQ
CAMLINFINE,CAMLINFINE.NS,CAMLINFINE,NSE,EQ
CAMPUS,CAMPUS.NS,CAMPUS,NSE,EQ
CAMS,CAMS.NS,CAMS,NSE,EQ
CANBK,CANBK.NS,CANBK,NSE,EQ
CANFINHOME,CANFINHOME.NS,CANFINHOME,NSE,EQ
CANHLIFE,CANHLIFE.NS,CANHLIFE,NSE,EQ
CANTABIL,CANTABIL.NS,CANTABIL,NSE,EQ
CAPACITE,CAPACITE.NS,CAPACITE,NSE,EQ
CAPILLARY,CAPILLARY.NS,CAPILLARY,NSE,EQ
CAPITALSFB,CAPITALSFB.NS,CAPITALSFB,NSE,EQ
CAPLIPOINT,CAPLIPOINT.NS,CAPLIPOINT,NSE,EQ
CARBORUNIV,CARBORUNIV.NS,CARBORUNIV,NSE,EQ
CARERATING,CARERATING.NS,CARERATING,NSE,EQ
CARRARO,CARRARO.NS,CARRARO,NSE,EQ
CARTRADE,CARTRADE.NS,CARTRADE,NSE,EQ
CARYSIL,CARYSIL.NS,CARYSIL,NSE,EQ
CASHIETF,CASHIETF.NS,CASHIETF,NSE,EQ
CASTROLIND,CASTROLIND.NS,CASTROLIND,NSE,EQ
CCAVENUE,CCAVENUE.NS,CCAVENUE,NSE,EQ
CCCL,CCCL.NS,CCCL,NSE,EQ
CCHHL,CCHHL.NS,CCHHL,NSE,EQ
CCL,CCL.NS,CCL,NSE,EQ
CDSL,CDSL.NS,CDSL,NSE,EQ
CEATLTD,CEATLTD.NS,CEATLTD,NSE,EQ
CEIGALL,CEIGALL.NS,CEIGALL,NSE,EQ
CEINSYS,CEINSYS.NS,CEINSYS,NSE,EQ
CELEBRITY,CELEBRITY.NS,CELEBRITY,NSE,EQ
CELLO,CELLO.NS,CELLO,NSE,EQ
CEMPRO,CEMPRO.NS,CEMPRO,NSE,EQ
CENTENKA,CENTENKA.NS,CENTENKA,NSE,EQ
CENTEXT,CENTEXT.NS,CENTEXT,NSE,EQ
CENTRALBK,CENTRALBK.NS,CENTRALBK,NSE,EQ
CENTRUM,CENTRUM.NS,CENTRUM,NSE,EQ
CENTUM,CENTUM.NS,CENTUM,NSE,EQ
CENTURYPLY,CENTURYPLY.NS,CENTURYPLY,NSE,EQ
CERA,CERA.NS,CERA,NSE,EQ
CESC,CESC.NS,CESC,NSE,EQ
CEWATER,CEWATER.NS,CEWATER,NSE,EQ
CGCL,CGCL.NS,CGCL,NSE,EQ
CGPOWER,CGPOWER.NS,CGPOWER,NSE,EQ
CHALET,CHALET.NS,CHALET,NSE,EQ
CHAMBLFERT,CHAMBLFERT.NS,CHAMBLFERT,NSE,EQ
CHEMBOND,CHEMBOND.NS,CHEMBOND,NSE,EQ
CHEMBONDCH,CHEMBONDCH.NS,CHEMBONDCH,NSE,EQ
CHEMCON,CHEMCON.NS,CHEMCON,NSE,EQ
CHEMFAB,CHEMFAB.NS,CHEMFAB,NSE,EQ
CHEMICAL,CHEMICAL.NS,CHEMICAL,NSE,EQ
CHEMPLASTS,CHEMPLASTS.NS,CHEMPLASTS,NSE,EQ
CHENNPETRO,CHENNPETRO.NS,CHENNPETRO,NSE,EQ
CHEVIOT,CHEVIOT.NS,CHEVIOT,NSE,EQ
CHOICEGOLD,CHOICEGOLD.NS,CHOICEGOLD,NSE,EQ
CHOICEIN,CHOICEIN.NS,CHOICEIN,NSE,EQ
CHOLAFIN,CHOLAFIN.NS,CHOLAFIN,NSE,EQ
CHOLAHLDNG,CHOLAHLDNG.NS,CHOLAHLDNG,NSE,EQ
CIEINDIA,CIEINDIA.NS,CIEINDIA,NSE,EQ
CIFL,CIFL.NS,CIFL,NSE,EQ
CIGNITITEC,CIGNITITEC.NS,CIGNITITEC,NSE,EQ
CINELINE,CINELINE.NS,CINELINE,NSE,EQ
CINEVISTA,CINEVISTA.NS,CINEVISTA,NSE,EQ
CIPLA,CIPLA.NS,CIPLA,NSE,EQ
CLEAN,CLEAN.NS,CLEAN,NSE,EQ
CLEANMAX,CLEANMAX.NS,CLEANMAX,NSE,EQ
CLSEL,CLSEL.NS,CLSEL,NSE,EQ
CMPDI,CMPDI.NS,CMPDI,NSE,EQ
CMSINFO,CMSINFO.NS,CMSINFO,NSE,EQ
CNL,CNL.NS,CNL,NSE,EQ
COALINDIA,COALINDIA.NS,COALINDIA,NSE,EQ
COASTCORP,COASTCORP.NS,COASTCORP,NSE,EQ
COCHINSHIP,COCHINSHIP.NS,COCHINSHIP,NSE,EQ
COFFEEDAY,COFFEEDAY.NS,COFFEEDAY,NSE,EQ
COFORGE,COFORGE.NS,COFORGE,NSE,EQ
COHANCE,COHANCE.NS,COHANCE,NSE,EQ
COLPAL,COLPAL.NS,COLPAL,NSE,EQ
COMMOIETF,COMMOIETF.NS,COMMOIETF,NSE,EQ
COMPUSOFT,COMPUSOFT.NS,COMPUSOFT,NSE,EQ
COMSYN,COMSYN.NS,COMSYN,NSE,EQ
CONCOR,CONCOR.NS,CONCOR,NSE,EQ
CONCORDBIO,CONCORDBIO.NS,CONCORDBIO,NSE,EQ
CONFIPET,CONFIPET.NS,CONFIPET,NSE,EQ
CONS,CONS.NS,CONS,NSE,EQ
CONSUMBEES,CONSUMBEES.NS,CONSUMBEES,NSE,EQ
CONSUMER,CONSUMER.NS,CONSUMER,NSE,EQ
CONSUMIETF,CONSUMIETF.NS,CONSUMIETF,NSE,EQ
CONTROLPR,CONTROLPR.NS,CONTROLPR,NSE,EQ
CORALFINAC,CORALFINAC.NS,CORALFINAC,NSE,EQ
CORDSCABLE,CORDSCABLE.NS,CORDSCABLE,NSE,EQ
COROMANDEL,COROMANDEL.NS,COROMANDEL,NSE,EQ
CORONA,CORONA.NS,CORONA,NSE,EQ
COSMOFIRST,COSMOFIRST.NS,COSMOFIRST,NSE,EQ
COUNCODOS,COUNCODOS.NS,COUNCODOS,NSE,EQ
CPCAP,CPCAP.NS,CPCAP,NSE,EQ
CPEDU,CPEDU.NS,CPEDU,NSE,EQ
CPPLUS,CPPLUS.NS,CPPLUS,NSE,EQ
CPSEETF,CPSEETF.NS,CPSEETF,NSE,EQ
CRAFTSMAN,CRAFTSMAN.NS,CRAFTSMAN,NSE,EQ
CRAMC,CRAMC.NS,CRAMC,NSE,EQ
CREATIVEYE,CREATIVEYE.NS,CREATIVEYE,NSE,EQ
CREDITACC,CREDITACC.NS,CREDITACC,NSE,EQ
CREST,CREST.NS,CREST,NSE,EQ
CRISIL,CRISIL.NS,CRISIL,NSE,EQ
CRIZAC,CRIZAC.NS,CRIZAC,NSE,EQ
CROMPTON,CROMPTON.NS,CROMPTON,NSE,EQ
CROWN,CROWN.NS,CROWN,NSE,EQ
CSBBANK,CSBBANK.NS,CSBBANK,NSE,EQ
CSLFINANCE,CSLFINANCE.NS,CSLFINANCE,NSE,EQ
CTE,CTE.NS,CTE,NSE,EQ
CUB,CUB.NS,CUB,NSE,EQ
CUBEXTUB,CUBEXTUB.NS,CUBEXTUB,NSE,EQ
CUMMINSIND,CUMMINSIND.NS,CUMMINSIND,NSE,EQ
CUPID,CUPID.NS,CUPID,NSE,EQ
CYBERMEDIA,CYBERMEDIA.NS,CYBERMEDIA,NSE,EQ
CYBERTECH,CYBERTECH.NS,CYBERTECH,NSE,EQ
CYIENT,CYIENT.NS,CYIENT,NSE,EQ
CYIENTDLM,CYIENTDLM.NS,CYIENTDLM,NSE,EQ
DABUR,DABUR.NS,DABUR,NSE,EQ
DALBHARAT,DALBHARAT.NS,DALBHARAT,NSE,EQ
DALMIASUG,DALMIASUG.NS,DALMIASUG,NSE,EQ
DAMCAPITAL,DAMCAPITAL.NS,DAMCAPITAL,NSE,EQ
DAMODARIND,DAMODARIND.NS,DAMODARIND,NSE,EQ
DANGEE,DANGEE.NS,DANGEE,NSE,EQ
DATAMATICS,DATAMATICS.NS,DATAMATICS,NSE,EQ
DATAPATTNS,DATAPATTNS.NS,DATAPATTNS,NSE,EQ
DAVANGERE,DAVANGERE.NS,DAVANGERE,NSE,EQ
DBCORP,DBCORP.NS,DBCORP,NSE,EQ
DBEIL,DBEIL.NS,DBEIL,NSE,EQ
DBL,DBL.NS,DBL,NSE,EQ
DBOL,DBOL.NS,DBOL,NSE,EQ
DBREALTY,DBREALTY.NS,DBREALTY,NSE,EQ
DBSTOCKBRO,DBSTOCKBRO.NS,DBSTOCKBRO,NSE,EQ
DCAL,DCAL.NS,DCAL,NSE,EQ
DCBBANK,DCBBANK.NS,DCBBANK,NSE,EQ
DCI,DCI.NS,DCI,NSE,EQ
DCM,DCM.NS,DCM,NSE,EQ
DCMNVL,DCMNVL.NS,DCMNVL,NSE,EQ
DCMSHRIRAM,DCMSHRIRAM.NS,DCMSHRIRAM,NSE,EQ
DCMSRIND,DCMSRIND.NS,DCMSRIND,NSE,EQ
DCW,DCW.NS,DCW,NSE,EQ
DCXINDIA,DCXINDIA.NS,DCXINDIA,NSE,EQ
DDEVPLSTIK,DDEVPLSTIK.NS,DDEVPLSTIK,NSE,EQ
DECCANCE,DECCANCE.NS,DECCANCE,NSE,EQ
DEEDEV,DEEDEV.NS,DEEDEV,NSE,EQ
DEEPAKFERT,DEEPAKFERT.NS,DEEPAKFERT,NSE,EQ
DEEPAKNTR,DEEPAKNTR.NS,DEEPAKNTR,NSE,EQ
DEEPINDS,DEEPINDS.NS,DEEPINDS,NSE,EQ
DEFENCE,DEFENCE.NS,DEFENCE,NSE,EQ
DELHIVERY,DELHIVERY.NS,DELHIVERY,NSE,EQ
DELPHIFX,DELPHIFX.NS,DELPHIFX,NSE,EQ
DELTACORP,DELTACORP.NS,DELTACORP,NSE,EQ
DELTAMAGNT,DELTAMAGNT.NS,DELTAMAGNT,NSE,EQ
DEN,DEN.NS,DEN,NSE,EQ
DENORA,DENORA.NS,DENORA,NSE,EQ
DENTA,DENTA.NS,DENTA,NSE,EQ
DEVIT,DEVIT.NS,DEVIT,NSE,EQ
DEVX,DEVX.NS,DEVX,NSE,EQ
DEVYANI,DEVYANI.NS,DEVYANI,NSE,EQ
DGCONTENT,DGCONTENT.NS,DGCONTENT,NSE,EQ
DHAMPURSUG,DHAMPURSUG.NS,DHAMPURSUG,NSE,EQ
DHANBANK,DHANBANK.NS,DHANBANK,NSE,EQ
DHANUKA,DHANUKA.NS,DHANUKA,NSE,EQ
DHARMAJ,DHARMAJ.NS,DHARMAJ,NSE,EQ
DHRUV,DHRUV.NS,DHRUV,NSE,EQ
DHUNINV,DHUNINV.NS,DHUNINV,NSE,EQ
DIACABS,DIACABS.NS,DIACABS,NSE,EQ
DIAMINESQ,DIAMINESQ.NS,DIAMINESQ,NSE,EQ
DIAMONDYD,DIAMONDYD.NS,DIAMONDYD,NSE,EQ
DICIND,DICIND.NS,DICIND,NSE,EQ
DIFFNKG,DIFFNKG.NS,DIFFNKG,NSE,EQ
DIGIDRIVE,DIGIDRIVE.NS,DIGIDRIVE,NSE,EQ
DIGISPICE,DIGISPICE.NS,DIGISPICE,NSE,EQ
DIGITIDE,DIGITIDE.NS,DIGITIDE,NSE,EQ
DIGJAMLMTD,DIGJAMLMTD.NS,DIGJAMLMTD,NSE,EQ
DISHTV,DISHTV.NS,DISHTV,NSE,EQ
DIVGIITTS,DIVGIITTS.NS,DIVGIITTS,NSE,EQ
DIVIDEND,DIVIDEND.NS,DIVIDEND,NSE,EQ
DIVISLAB,DIVISLAB.NS,DIVISLAB,NSE,EQ
DIVOPPBEES,DIVOPPBEES.NS,DIVOPPBEES,NSE,EQ
DIXON,DIXON.NS,DIXON,NSE,EQ
DLF,DLF.NS,DLF,NSE,EQ
DLINKINDIA,DLINKINDIA.NS,DLINKINDIA,NSE,EQ
DMART,DMART.NS,DMART,NSE,EQ
DMCC,DMCC.NS,DMCC,NSE,EQ
DNAMEDIA,DNAMEDIA.NS,DNAMEDIA,NSE,EQ
DODLA,DODLA.NS,DODLA,NSE,EQ
DOLATALGO,DOLATALGO.NS,DOLATALGO,NSE,EQ
DOLLAR,DOLLAR.NS,DOLLAR,NSE,EQ
DOLPHIN,DOLPHIN.NS,DOLPHIN,NSE,EQ
DOMS,DOMS.NS,DOMS,NSE,EQ
DONEAR,DONEAR.NS,DONEAR,NSE,EQ
DPABHUSHAN,DPABHUSHAN.NS,DPABHUSHAN,NSE,EQ
DPSCLTD,DPSCLTD.NS,DPSCLTD,NSE,EQ
DPWIRES,DPWIRES.NS,DPWIRES,NSE,EQ
DRCSYSTEMS,DRCSYSTEMS.NS,DRCSYSTEMS,NSE,EQ
DREAMFOLKS,DREAMFOLKS.NS,DREAMFOLKS,NSE,EQ
DREDGECORP,DREDGECORP.NS,DREDGECORP,NSE,EQ
DRREDDY,DRREDDY.NS,DRREDDY,NSE,EQ
DSFCL,DSFCL.NS,DSFCL,NSE,EQ
DSSL,DSSL.NS,DSSL,NSE,EQ
DTIL,DTIL.NS,DTIL,NSE,EQ
DUCON,DUCON.NS,DUCON,NSE,EQ
DVL,DVL.NS,DVL,NSE,EQ
DWARKESH,DWARKESH.NS,DWARKESH,NSE,EQ
DYCL,DYCL.NS,DYCL,NSE,EQ
DYNAMATECH,DYNAMATECH.NS,DYNAMATECH,NSE,EQ
DYNPRO,DYNPRO.NS,DYNPRO,NSE,EQ
EASEMYTRIP,EASEMYTRIP.NS,EASEMYTRIP,NSE,EQ
EBANKNIFTY,EBANKNIFTY.NS,EBANKNIFTY,NSE,EQ
EBBETF0430,EBBETF0430.NS,EBBETF0430,NSE,EQ
EBBETF0431,EBBETF0431.NS,EBBETF0431,NSE,EQ
EBBETF0433,EBBETF0433.NS,EBBETF0433,NSE,EQ
EBGNG,EBGNG.NS,EBGNG,NSE,EQ
ECAPINSURE,ECAPINSURE.NS,ECAPINSURE,NSE,EQ
ECLERX,ECLERX.NS,ECLERX,NSE,EQ
ECOSMOBLTY,ECOSMOBLTY.NS,ECOSMOBLTY,NSE,EQ
EDELWEISS,EDELWEISS.NS,EDELWEISS,NSE,EQ
EFCIL,EFCIL.NS,EFCIL,NSE,EQ
EGOLD,EGOLD.NS,EGOLD,NSE,EQ
EICHERMOT,EICHERMOT.NS,EICHERMOT,NSE,EQ
EIDPARRY,EIDPARRY.NS,EIDPARRY,NSE,EQ
EIEL,EIEL.NS,EIEL,NSE,EQ
EIFFL,EIFFL.NS,EIFFL,NSE,EQ
EIHAHOTELS,EIHAHOTELS.NS,EIHAHOTELS,NSE,EQ
EIHOTEL,EIHOTEL.NS,EIHOTEL,NSE,EQ
EIMCOELECO,EIMCOELECO.NS,EIMCOELECO,NSE,EQ
EKC,EKC.NS,EKC,NSE,EQ
ELDEHSG,ELDEHSG.NS,ELDEHSG,NSE,EQ
ELECON,ELECON.NS,ELECON,NSE,EQ
ELECTCAST,ELECTCAST.NS,ELECTCAST,NSE,EQ
ELECTHERM,ELECTHERM.NS,ELECTHERM,NSE,EQ
ELGIEQUIP,ELGIEQUIP.NS,ELGIEQUIP,NSE,EQ
ELGIRUBCO,ELGIRUBCO.NS,ELGIRUBCO,NSE,EQ
ELIN,ELIN.NS,ELIN,NSE,EQ
ELIQUID,ELIQUID.NS,ELIQUID,NSE,EQ
ELLEN,ELLEN.NS,ELLEN,NSE,EQ
ELM250,ELM250.NS,ELM250,NSE,EQ
EMAMILTD,EMAMILTD.NS,EMAMILTD,NSE,EQ
EMAMIPAP,EMAMIPAP.NS,EMAMIPAP,NSE,EQ
EMAMIREAL,EMAMIREAL.NS,EMAMIREAL,NSE,EQ
EMCURE,EMCURE.NS,EMCURE,NSE,EQ
EMIL,EMIL.NS,EMIL,NSE,EQ
EMKAY,EMKAY.NS,EMKAY,NSE,EQ
EMMBI,EMMBI.NS,EMMBI,NSE,EQ
EMMVEE,EMMVEE.NS,EMMVEE,NSE,EQ
EMSLIMITED,EMSLIMITED.NS,EMSLIMITED,NSE,EQ
EMUDHRA,EMUDHRA.NS,EMUDHRA,NSE,EQ
EMULTIMQ,EMULTIMQ.NS,EMULTIMQ,NSE,EQ
ENDURANCE,ENDURANCE.NS,ENDURANCE,NSE,EQ
ENERGY,ENERGY.NS,ENERGY,NSE,EQ
ENERGYDEV,ENERGYDEV.NS,ENERGYDEV,NSE,EQ
ENGINERSIN,ENGINERSIN.NS,ENGINERSIN,NSE,EQ
ENIFTY,ENIFTY.NS,ENIFTY,NSE,EQ
ENIL,ENIL.NS,ENIL,NSE,EQ
ENRIN,ENRIN.NS,ENRIN,NSE,EQ
ENTERO,ENTERO.NS,ENTERO,NSE,EQ
EPACK,EPACK.NS,EPACK,NSE,EQ
EPACKPEB,EPACKPEB.NS,EPACKPEB,NSE,EQ
EPIGRAL,EPIGRAL.NS,EPIGRAL,NSE,EQ
EPL,EPL.NS,EPL,NSE,EQ
EQUAL200,EQUAL200.NS,EQUAL200,NSE,EQ
EQUAL50,EQUAL50.NS,EQUAL50,NSE,EQ
EQUAL50ADD,EQUAL50ADD.NS,EQUAL50ADD,NSE,EQ
EQUITASBNK,EQUITASBNK.NS,EQUITASBNK,NSE,EQ
ERIS,ERIS.NS,ERIS,NSE,EQ
ESABINDIA,ESABINDIA.NS,ESABINDIA,NSE,EQ
ESAFSFB,ESAFSFB.NS,ESAFSFB,NSE,EQ
ESCORTS,ESCORTS.NS,ESCORTS,NSE,EQ
ESENSEX,ESENSEX.NS,ESENSEX,NSE,EQ
ESG,ESG.NS,ESG,NSE,EQ
ESILVER,ESILVER.NS,ESILVER,NSE,EQ
ESSARSHPNG,ESSARSHPNG.NS,ESSARSHPNG,NSE,EQ
ESSENTIA,ESSENTIA.NS,ESSENTIA,NSE,EQ
ESTER,ESTER.NS,ESTER,NSE,EQ
ETERNAL,ETERNAL.NS,ETERNAL,NSE,EQ
ETHOSLTD,ETHOSLTD.NS,ETHOSLTD,NSE,EQ
EUREKAFORB,EUREKAFORB.NS,EUREKAFORB,NSE,EQ
EUROBOND,EUROBOND.NS,EUROBOND,NSE,EQ
EUROPRATIK,EUROPRATIK.NS,EUROPRATIK,NSE,EQ
EUROTEXIND,EUROTEXIND.NS,EUROTEXIND,NSE,EQ
EVEREADY,EVEREADY.NS,EVEREADY,NSE,EQ
EVERESTIND,EVERESTIND.NS,EVERESTIND,NSE,EQ
EVIETF,EVIETF.NS,EVIETF,NSE,EQ
EVINDIA,EVINDIA.NS,EVINDIA,NSE,EQ
EXCEL,EXCEL.NS,EXCEL,NSE,EQ
EXCELINDUS,EXCELINDUS.NS,EXCELINDUS,NSE,EQ
EXCELSOFT,EXCELSOFT.NS,EXCELSOFT,NSE,EQ
EXICOM,EXICOM.NS,EXICOM,NSE,EQ
EXIDEIND,EXIDEIND.NS,EXIDEIND,NSE,EQ
EXPLEOSOL,EXPLEOSOL.NS,EXPLEOSOL,NSE,EQ
EXXARO,EXXARO.NS,EXXARO,NSE,EQ
FABTECH,FABTECH.NS,FABTECH,NSE,EQ
FACT,FACT.NS,FACT,NSE,EQ
FAIRCHEMOR,FAIRCHEMOR.NS,FAIRCHEMOR,NSE,EQ
FCL,FCL.NS,FCL,NSE,EQ
FCSSOFT,FCSSOFT.NS,FCSSOFT,NSE,EQ
FDC,FDC.NS,FDC,NSE,EQ
FEDERALBNK,FEDERALBNK.NS,FEDERALBNK,NSE,EQ
FEDFINA,FEDFINA.NS,FEDFINA,NSE,EQ
FIEMIND,FIEMIND.NS,FIEMIND,NSE,EQ
FILATEX,FILATEX.NS,FILATEX,NSE,EQ
FILATFASH,FILATFASH.NS,FILATFASH,NSE,EQ
FINCABLES,FINCABLES.NS,FINCABLES,NSE,EQ
FINEORG,FINEORG.NS,FINEORG,NSE,EQ
FINIETF,FINIETF.NS,FINIETF,NSE,EQ
FINKURVE,FINKURVE.NS,FINKURVE,NSE,EQ
FINOPB,FINOPB.NS,FINOPB,NSE,EQ
FINPIPE,FINPIPE.NS,FINPIPE,NSE,EQ
FIRSTCRY,FIRSTCRY.NS,FIRSTCRY,NSE,EQ
FISCHER,FISCHER.NS,FISCHER,NSE,EQ
FIVESTAR,FIVESTAR.NS,FIVESTAR,NSE,EQ
FLAIR,FLAIR.NS,FLAIR,NSE,EQ
FLEXIADD,FLEXIADD.NS,FLEXIADD,NSE,EQ
FLEXITUFF,FLEXITUFF.NS,FLEXITUFF,NSE,EQ
FLUOROCHEM,FLUOROCHEM.NS,FLUOROCHEM,NSE,EQ
FMCGIETF,FMCGIETF.NS,FMCGIETF,NSE,EQ
FMGOETZE,FMGOETZE.NS,FMGOETZE,NSE,EQ
FMNL,FMNL.NS,FMNL,NSE,EQ
FOCUS,FOCUS.NS,FOCUS,NSE,EQ
FOODSIN,FOODSIN.NS,FOODSIN,NSE,EQ
FORCEMOT,FORCEMOT.NS,FORCEMOT,NSE,EQ
FORTIS,FORTIS.NS,FORTIS,NSE,EQ
FOSECOIND,FOSECOIND.NS,FOSECOIND,NSE,EQ
FRACTAL,FRACTAL.NS,FRACTAL,NSE,EQ
FSL,FSL.NS,FSL,NSE,EQ
FUSION,FUSION.NS,FUSION,NSE,EQ
GABRIEL,GABRIEL.NS,GABRIEL,NSE,EQ
GAEL,GAEL.NS,GAEL,NSE,EQ
GAIL,GAIL.NS,GAIL,NSE,EQ
GALAPREC,GALAPREC.NS,GALAPREC,NSE,EQ
GALAXYSURF,GALAXYSURF.NS,GALAXYSURF,NSE,EQ
GALLANTT,GALLANTT.NS,GALLANTT,NSE,EQ
GANDHAR,GANDHAR.NS,GANDHAR,NSE,EQ
GANDHITUBE,GANDHITUBE.NS,GANDHITUBE,NSE,EQ
GANECOS,GANECOS.NS,GANECOS,NSE,EQ
GANESHBE,GANESHBE.NS,GANESHBE,NSE,EQ
GANESHCP,GANESHCP.NS,GANESHCP,NSE,EQ
GANESHHOU,GANESHHOU.NS,GANESHHOU,NSE,EQ
GANGAFORGE,GANGAFORGE.NS,GANGAFORGE,NSE,EQ
GANGESSECU,GANGESSECU.NS,GANGESSECU,NSE,EQ
GARFIBRES,GARFIBRES.NS,GARFIBRES,NSE,EQ
GARUDA,GARUDA.NS,GARUDA,NSE,EQ
GATECH,GATECH.NS,GATECH,NSE,EQ
GATECHDVR,GATECHDVR.NS,GATECHDVR,NSE,EQ
GATEWAY,GATEWAY.NS,GATEWAY,NSE,EQ
GAUDIUMIVF,GAUDIUMIVF.NS,GAUDIUMIVF,NSE,EQ
GAYAHWS,GAYAHWS.NS,GAYAHWS,NSE,EQ
GCSL,GCSL.NS,GCSL,NSE,EQ
GEECEE,GEECEE.NS,GEECEE,NSE,EQ
GEEKAYWIRE,GEEKAYWIRE.NS,GEEKAYWIRE,NSE,EQ
GENCON,GENCON.NS,GENCON,NSE,EQ
GENESYS,GENESYS.NS,GENESYS,NSE,EQ
GENUSPAPER,GENUSPAPER.NS,GENUSPAPER,NSE,EQ
GENUSPOWER,GENUSPOWER.NS,GENUSPOWER,NSE,EQ
GEOJITFSL,GEOJITFSL.NS,GEOJITFSL,NSE,EQ
GESHIP,GESHIP.NS,GESHIP,NSE,EQ
GFLLIMITED,GFLLIMITED.NS,GFLLIMITED,NSE,EQ
GHCL,GHCL.NS,GHCL,NSE,EQ
GHCLTEXTIL,GHCLTEXTIL.NS,GHCLTEXTIL,NSE,EQ
GICHSGFIN,GICHSGFIN.NS,GICHSGFIN,NSE,EQ
GICL,GICL.NS,GICL,NSE,EQ
GICRE,GICRE.NS,GICRE,NSE,EQ
GILLANDERS,GILLANDERS.NS,GILLANDERS,NSE,EQ
GILLETTE,GILLETTE.NS,GILLETTE,NSE,EQ
GILT10BETA,GILT10BETA.NS,GILT10BETA,NSE,EQ
GILT5BETA,GILT5BETA.NS,GILT5BETA,NSE,EQ
GILT5YBEES,GILT5YBEES.NS,GILT5YBEES,NSE,EQ
GINNIFILA,GINNIFILA.NS,GINNIFILA,NSE,EQ
GIPCL,GIPCL.NS,GIPCL,NSE,EQ
GKENERGY,GKENERGY.NS,GKENERGY,NSE,EQ
GKSL,GKSL.NS,GKSL,NSE,EQ
GKWLIMITED,GKWLIMITED.NS,GKWLIMITED,NSE,EQ
GLAND,GLAND.NS,GLAND,NSE,EQ
GLAXO,GLAXO.NS,GLAXO,NSE,EQ
GLENMARK,GLENMARK.NS,GLENMARK,NSE,EQ
GLOBAL,GLOBAL.NS,GLOBAL,NSE,EQ
GLOBALE,GLOBALE.NS,GLOBALE,NSE,EQ
GLOBALVECT,GLOBALVECT.NS,GLOBALVECT,NSE,EQ
GLOBE,GLOBE.NS,GLOBE,NSE,EQ
GLOBECIVIL,GLOBECIVIL.NS,GLOBECIVIL,NSE,EQ
GLOBUSSPR,GLOBUSSPR.NS,GLOBUSSPR,NSE,EQ
GLOSTERLTD,GLOSTERLTD.NS,GLOSTERLTD,NSE,EQ
GLOTTIS,GLOTTIS.NS,GLOTTIS,NSE,EQ
GMBREW,GMBREW.NS,GMBREW,NSE,EQ
GMDCLTD,GMDCLTD.NS,GMDCLTD,NSE,EQ
GMMPFAUDLR,GMMPFAUDLR.NS,GMMPFAUDLR,NSE,EQ
GMRAIRPORT,GMRAIRPORT.NS,GMRAIRPORT,NSE,EQ
GMRP&UI,GMRP&UI.NS,GMRP&UI,NSE,EQ
GNA,GNA.NS,GNA,NSE,EQ
GNFC,GNFC.NS,GNFC,NSE,EQ
GOACARBON,GOACARBON.NS,GOACARBON,NSE,EQ
GOCLCORP,GOCLCORP.NS,GOCLCORP,NSE,EQ
GOCOLORS,GOCOLORS.NS,GOCOLORS,NSE,EQ
GODAVARIB,GODAVARIB.NS,GODAVARIB,NSE,EQ
GODFRYPHLP,GODFRYPHLP.NS,GODFRYPHLP,NSE,EQ
GODIGIT,GODIGIT.NS,GODIGIT,NSE,EQ
GODREJAGRO,GODREJAGRO.NS,GODREJAGRO,NSE,EQ
GODREJCP,GODREJCP.NS,GODREJCP,NSE,EQ
GODREJIND,GODREJIND.NS,GODREJIND,NSE,EQ
GODREJPROP,GODREJPROP.NS,GODREJPROP,NSE,EQ
GOKEX,GOKEX.NS,GOKEX,NSE,EQ
GOKUL,GOKUL.NS,GOKUL,NSE,EQ
GOKULAGRO,GOKULAGRO.NS,GOKULAGRO,NSE,EQ
GOLD1,GOLD1.NS,GOLD1,NSE,EQ
GOLD360,GOLD360.NS,GOLD360,NSE,EQ
GOLDADD,GOLDADD.NS,GOLDADD,NSE,EQ
GOLDBEES,GOLDBEES.NS,GOLDBEES,NSE,EQ
GOLDBETA,GOLDBETA.NS,GOLDBETA,NSE,EQ
GOLDBND,GOLDBND.NS,GOLDBND,NSE,EQ
GOLDCASE,GOLDCASE.NS,GOLDCASE,NSE,EQ
GOLDETF,GOLDETF.NS,GOLDETF,NSE,EQ
GOLDIAM,GOLDIAM.NS,GOLDIAM,NSE,EQ
GOLDIETF,GOLDIETF.NS,GOLDIETF,NSE,EQ
GOLDTECH,GOLDTECH.NS,GOLDTECH,NSE,EQ
GOODLUCK,GOODLUCK.NS,GOODLUCK,NSE,EQ
GOPAL,GOPAL.NS,GOPAL,NSE,EQ
GPIL,GPIL.NS,GPIL,NSE,EQ
GPPL,GPPL.NS,GPPL,NSE,EQ
GPTHEALTH,GPTHEALTH.NS,GPTHEALTH,NSE,EQ
GPTINFRA,GPTINFRA.NS,GPTINFRA,NSE,EQ
GRANULES,GRANULES.NS,GRANULES,NSE,EQ
GRAPHITE,GRAPHITE.NS,GRAPHITE,NSE,EQ
GRASIM,GRASIM.NS,GRASIM,NSE,EQ
GRAVITA,GRAVITA.NS,GRAVITA,NSE,EQ
GREAVESCOT,GREAVESCOT.NS,GREAVESCOT,NSE,EQ
GREENLAM,GREENLAM.NS,GREENLAM,NSE,EQ
GREENPANEL,GREENPANEL.NS,GREENPANEL,NSE,EQ
GREENPLY,GREENPLY.NS,GREENPLY,NSE,EQ
GREENPOWER,GREENPOWER.NS,GREENPOWER,NSE,EQ
GRINDWELL,GRINDWELL.NS,GRINDWELL,NSE,EQ
GRINFRA,GRINFRA.NS,GRINFRA,NSE,EQ
GRMOVER,GRMOVER.NS,GRMOVER,NSE,EQ
GROBTEA,GROBTEA.NS,GROBTEA,NSE,EQ
GROWW,GROWW.NS,GROWW,NSE,EQ
GROWWCAPM,GROWWCAPM.NS,GROWWCAPM,NSE,EQ
GROWWCHEM,GROWWCHEM.NS,GROWWCHEM,NSE,EQ
GROWWDEFNC,GROWWDEFNC.NS,GROWWDEFNC,NSE,EQ
GROWWEV,GROWWEV.NS,GROWWEV,NSE,EQ
GROWWGOLD,GROWWGOLD.NS,GROWWGOLD,NSE,EQ
GROWWHOSPI,GROWWHOSPI.NS,GROWWHOSPI,NSE,EQ
GROWWLIQID,GROWWLIQID.NS,GROWWLIQID,NSE,EQ
GROWWLOVOL,GROWWLOVOL.NS,GROWWLOVOL,NSE,EQ
GROWWMC150,GROWWMC150.NS,GROWWMC150,NSE,EQ
GROWWMETAL,GROWWMETAL.NS,GROWWMETAL,NSE,EQ
GROWWMOM50,GROWWMOM50.NS,GROWWMOM50,NSE,EQ
GROWWN200,GROWWN200.NS,GROWWN200,NSE,EQ
GROWWNET,GROWWNET.NS,GROWWNET,NSE,EQ
GROWWNIFTY,GROWWNIFTY.NS,GROWWNIFTY,NSE,EQ
GROWWNXT50,GROWWNXT50.NS,GROWWNXT50,NSE,EQ
GROWWPOWER,GROWWPOWER.NS,GROWWPOWER,NSE,EQ
GROWWPSE,GROWWPSE.NS,GROWWPSE,NSE,EQ
GROWWPSUBK,GROWWPSUBK.NS,GROWWPSUBK,NSE,EQ
GROWWRAIL,GROWWRAIL.NS,GROWWRAIL,NSE,EQ
GROWWRLTY,GROWWRLTY.NS,GROWWRLTY,NSE,EQ
GROWWSC250,GROWWSC250.NS,GROWWSC250,NSE,EQ
GROWWSLVR,GROWWSLVR.NS,GROWWSLVR,NSE,EQ
GRPLTD,GRPLTD.NS,GRPLTD,NSE,EQ
GRSE,GRSE.NS,GRSE,NSE,EQ
GRWRHITECH,GRWRHITECH.NS,GRWRHITECH,NSE,EQ
GSEC10ABSL,GSEC10ABSL.NS,GSEC10ABSL,NSE,EQ
GSEC10IETF,GSEC10IETF.NS,GSEC10IETF,NSE,EQ
GSEC10YEAR,GSEC10YEAR.NS,GSEC10YEAR,NSE,EQ
GSEC5IETF,GSEC5IETF.NS,GSEC5IETF,NSE,EQ
GSFC,GSFC.NS,GSFC,NSE,EQ
GSLSU,GSLSU.NS,GSLSU,NSE,EQ
GSPCROP,GSPCROP.NS,GSPCROP,NSE,EQ
GSPL,GSPL.NS,GSPL,NSE,EQ
GSS,GSS.NS,GSS,NSE,EQ
GTECJAINX,GTECJAINX.NS,GTECJAINX,NSE,EQ
GTL,GTL.NS,GTL,NSE,EQ
GTLINFRA,GTLINFRA.NS,GTLINFRA,NSE,EQ
GTPL,GTPL.NS,GTPL,NSE,EQ
GUFICBIO,GUFICBIO.NS,GUFICBIO,NSE,EQ
GUJALKALI,GUJALKALI.NS,GUJALKALI,NSE,EQ
GUJAPOLLO,GUJAPOLLO.NS,GUJAPOLLO,NSE,EQ
GUJGASLTD,GUJGASLTD.NS,GUJGASLTD,NSE,EQ
GUJRAFFIA,GUJRAFFIA.NS,GUJRAFFIA,NSE,EQ
GUJTHEM,GUJTHEM.NS,GUJTHEM,NSE,EQ
GULFOILLUB,GULFOILLUB.NS,GULFOILLUB,NSE,EQ
GULFPETRO,GULFPETRO.NS,GULFPETRO,NSE,EQ
GULPOLY,GULPOLY.NS,GULPOLY,NSE,EQ
GVPTECH,GVPTECH.NS,GVPTECH,NSE,EQ
GVT&D,GVT&D.NS,GVT&D,NSE,EQ
HAL,HAL.NS,HAL,NSE,EQ
HALDER,HALDER.NS,HALDER,NSE,EQ
HALEOSLABS,HALEOSLABS.NS,HALEOSLABS,NSE,EQ
HAPPSTMNDS,HAPPSTMNDS.NS,HAPPSTMNDS,NSE,EQ
HAPPYFORGE,HAPPYFORGE.NS,HAPPYFORGE,NSE,EQ
HARIOMPIPE,HARIOMPIPE.NS,HARIOMPIPE,NSE,EQ
HARRMALAYA,HARRMALAYA.NS,HARRMALAYA,NSE,EQ
HARSHA,HARSHA.NS,HARSHA,NSE,EQ
HATHWAY,HATHWAY.NS,HATHWAY,NSE,EQ
HATSUN,HATSUN.NS,HATSUN,NSE,EQ
HAVELLS,HAVELLS.NS,HAVELLS,NSE,EQ
HAVISHA,HAVISHA.NS,HAVISHA,NSE,EQ
HBLENGINE,HBLENGINE.NS,HBLENGINE,NSE,EQ
HBSL,HBSL.NS,HBSL,NSE,EQ
HCC,HCC.NS,HCC,NSE,EQ
HCG,HCG.NS,HCG,NSE,EQ
HCL-INSYS,HCL-INSYS.NS,HCL-INSYS,NSE,EQ
HCLTECH,HCLTECH.NS,HCLTECH,NSE,EQ
HDBFS,HDBFS.NS,HDBFS,NSE,EQ
HDFCAMC,HDFCAMC.NS,HDFCAMC,NSE,EQ
HDFCBANK,HDFCBANK.NS,HDFCBANK,NSE,EQ
HDFCBSE500,HDFCBSE500.NS,HDFCBSE500,NSE,EQ
HDFCGOLD,HDFCGOLD.NS,HDFCGOLD,NSE,EQ
HDFCGROWTH,HDFCGROWTH.NS,HDFCGROWTH,NSE,EQ
HDFCLIFE,HDFCLIFE.NS,HDFCLIFE,NSE,EQ
HDFCLIQUID,HDFCLIQUID.NS,HDFCLIQUID,NSE,EQ
HDFCLOWVOL,HDFCLOWVOL.NS,HDFCLOWVOL,NSE,EQ
HDFCMID150,HDFCMID150.NS,HDFCMID150,NSE,EQ
HDFCMOMENT,HDFCMOMENT.NS,HDFCMOMENT,NSE,EQ
HDFCNEXT50,HDFCNEXT50.NS,HDFCNEXT50,NSE,EQ
HDFCNIF100,HDFCNIF100.NS,HDFCNIF100,NSE,EQ
HDFCNIFBAN,HDFCNIFBAN.NS,HDFCNIFBAN,NSE,EQ
HDFCNIFIT,HDFCNIFIT.NS,HDFCNIFIT,NSE,EQ
HDFCNIFTY,HDFCNIFTY.NS,HDFCNIFTY,NSE,EQ
HDFCPSUBK,HDFCPSUBK.NS,HDFCPSUBK,NSE,EQ
HDFCPVTBAN,HDFCPVTBAN.NS,HDFCPVTBAN,NSE,EQ
HDFCQUAL,HDFCQUAL.NS,HDFCQUAL,NSE,EQ
HDFCSENSEX,HDFCSENSEX.NS,HDFCSENSEX,NSE,EQ
HDFCSILVER,HDFCSILVER.NS,HDFCSILVER,NSE,EQ
HDFCSML250,HDFCSML250.NS,HDFCSML250,NSE,EQ
HDFCVALUE,HDFCVALUE.NS,HDFCVALUE,NSE,EQ
HEADSUP,HEADSUP.NS,HEADSUP,NSE,EQ
HEALTHADD,HEALTHADD.NS,HEALTHADD,NSE,EQ
HEALTHCARE,HEALTHCARE.NS,HEALTHCARE,NSE,EQ
HEALTHIETF,HEALTHIETF.NS,HEALTHIETF,NSE,EQ
HEALTHY,HEALTHY.NS,HEALTHY,NSE,EQ
HECPROJECT,HECPROJECT.NS,HECPROJECT,NSE,EQ
HEG,HEG.NS,HEG,NSE,EQ
HEIDELBERG,HEIDELBERG.NS,HEIDELBERG,NSE,EQ
HEMIPROP,HEMIPROP.NS,HEMIPROP,NSE,EQ
HERANBA,HERANBA.NS,HERANBA,NSE,EQ
HERITGFOOD,HERITGFOOD.NS,HERITGFOOD,NSE,EQ
HEROMOTOCO,HEROMOTOCO.NS,HEROMOTOCO,NSE,EQ
HESTERBIO,HESTERBIO.NS,HESTERBIO,NSE,EQ
HEXATRADEX,HEXATRADEX.NS,HEXATRADEX,NSE,EQ
HEXT,HEXT.NS,HEXT,NSE,EQ
HFCL,HFCL.NS,HFCL,NSE,EQ
HGINFRA,HGINFRA.NS,HGINFRA,NSE,EQ
HGM,HGM.NS,HGM,NSE,EQ
HGS,HGS.NS,HGS,NSE,EQ
HIKAL,HIKAL.NS,HIKAL,NSE,EQ
HILINFRA,HILINFRA.NS,HILINFRA,NSE,EQ
HILTON,HILTON.NS,HILTON,NSE,EQ
HIMATSEIDE,HIMATSEIDE.NS,HIMATSEIDE,NSE,EQ
HINDALCO,HINDALCO.NS,HINDALCO,NSE,EQ
HINDCOMPOS,HINDCOMPOS.NS,HINDCOMPOS,NSE,EQ
HINDCON,HINDCON.NS,HINDCON,NSE,EQ
HINDCOPPER,HINDCOPPER.NS,HINDCOPPER,NSE,EQ
HINDOILEXP,HINDOILEXP.NS,HINDOILEXP,NSE,EQ
HINDPETRO,HINDPETRO.NS,HINDPETRO,NSE,EQ
HINDUNILVR,HINDUNILVR.NS,HINDUNILVR,NSE,EQ
HINDWAREAP,HINDWAREAP.NS,HINDWAREAP,NSE,EQ
HINDZINC,HINDZINC.NS,HINDZINC,NSE,EQ
HIRECT,HIRECT.NS,HIRECT,NSE,EQ
HISARMETAL,HISARMETAL.NS,HISARMETAL,NSE,EQ
HITECH,HITECH.NS,HITECH,NSE,EQ
HITECHCORP,HITECHCORP.NS,HITECHCORP,NSE,EQ
HLEGLAS,HLEGLAS.NS,HLEGLAS,NSE,EQ
HLVLTD,HLVLTD.NS,HLVLTD,NSE,EQ
HMAAGRO,HMAAGRO.NS,HMAAGRO,NSE,EQ
HMVL,HMVL.NS,HMVL,NSE,EQ
HNDFDS,HNDFDS.NS,HNDFDS,NSE,EQ
HNGSNGBEES,HNGSNGBEES.NS,HNGSNGBEES,NSE,EQ
HOMEFIRST,HOMEFIRST.NS,HOMEFIRST,NSE,EQ
HONASA,HONASA.NS,HONASA,NSE,EQ
HONAUT,HONAUT.NS,HONAUT,NSE,EQ
HONDAPOWER,HONDAPOWER.NS,HONDAPOWER,NSE,EQ
HPAL,HPAL.NS,HPAL,NSE,EQ
HPIL,HPIL.NS,HPIL,NSE,EQ
HPL,HPL.NS,HPL,NSE,EQ
HSBCGOLD,HSBCGOLD.NS,HSBCGOLD,NSE,EQ
HSCL,HSCL.NS,HSCL,NSE,EQ
HTMEDIA,HTMEDIA.NS,HTMEDIA,NSE,EQ
HUBTOWN,HUBTOWN.NS,HUBTOWN,NSE,EQ
HUDCO,HUDCO.NS,HUDCO,NSE,EQ
HUHTAMAKI,HUHTAMAKI.NS,HUHTAMAKI,NSE,EQ
HYBRIDFIN,HYBRIDFIN.NS,HYBRIDFIN,NSE,EQ
HYUNDAI,HYUNDAI.NS,HYUNDAI,NSE,EQ
IBULLSLTD,IBULLSLTD.NS,IBULLSLTD,NSE,EQ
ICEMAKE,ICEMAKE.NS,ICEMAKE,NSE,EQ
ICICIAMC,ICICIAMC.NS,ICICIAMC,NSE,EQ
ICICIB22,ICICIB22.NS,ICICIB22,NSE,EQ
ICICIBANK,ICICIBANK.NS,ICICIBANK,NSE,EQ
ICICIGI,ICICIGI.NS,ICICIGI,NSE,EQ
ICICIPRULI,ICICIPRULI.NS,ICICIPRULI,NSE,EQ
ICIL,ICIL.NS,ICIL,NSE,EQ
ICRA,ICRA.NS,ICRA,NSE,EQ
IDBI,IDBI.NS,IDBI,NSE,EQ
IDEA,IDEA.NS,IDEA,NSE,EQ
IDEAFORGE,IDEAFORGE.NS,IDEAFORGE,NSE,EQ
IDFCFIRSTB,IDFCFIRSTB.NS,IDFCFIRSTB,NSE,EQ
IDFNIFTYET,IDFNIFTYET.NS,IDFNIFTYET,NSE,EQ
IEX,IEX.NS,IEX,NSE,EQ
IFBAGRO,IFBAGRO.NS,IFBAGRO,NSE,EQ
IFBIND,IFBIND.NS,IFBIND,NSE,EQ
IFCI,IFCI.NS,IFCI,NSE,EQ
IFGLEXPOR,IFGLEXPOR.NS,IFGLEXPOR,NSE,EQ
IGARASHI,IGARASHI.NS,IGARASHI,NSE,EQ
IGCL,IGCL.NS,IGCL,NSE,EQ
IGIL,IGIL.NS,IGIL,NSE,EQ
IGL,IGL.NS,IGL,NSE,EQ
IGPL,IGPL.NS,IGPL,NSE,EQ
IIFL,IIFL.NS,IIFL,NSE,EQ
IIFLCAPS,IIFLCAPS.NS,IIFLCAPS,NSE,EQ
IITL,IITL.NS,IITL,NSE,EQ
IKIO,IKIO.NS,IKIO,NSE,EQ
IKS,IKS.NS,IKS,NSE,EQ
IMAGICAA,IMAGICAA.NS,IMAGICAA,NSE,EQ
IMFA,IMFA.NS,IMFA,NSE,EQ
IMPAL,IMPAL.NS,IMPAL,NSE,EQ
INA,INA.NS,INA,NSE,EQ
INCREDIBLE,INCREDIBLE.NS,INCREDIBLE,NSE,EQ
INDBANK,INDBANK.NS,INDBANK,NSE,EQ
INDGN,INDGN.NS,INDGN,NSE,EQ
INDHOTEL,INDHOTEL.NS,INDHOTEL,NSE,EQ
INDIACEM,INDIACEM.NS,INDIACEM,NSE,EQ
INDIAGLYCO,INDIAGLYCO.NS,INDIAGLYCO,NSE,EQ
INDIAMART,INDIAMART.NS,INDIAMART,NSE,EQ
INDIANB,INDIANB.NS,INDIANB,NSE,EQ
INDIANCARD,INDIANCARD.NS,INDIANCARD,NSE,EQ
INDIANHUME,INDIANHUME.NS,INDIANHUME,NSE,EQ
INDIASHLTR,INDIASHLTR.NS,INDIASHLTR,NSE,EQ
INDIGO,INDIGO.NS,INDIGO,NSE,EQ
INDIGOPNTS,INDIGOPNTS.NS,INDIGOPNTS,NSE,EQ
INDIQUBE,INDIQUBE.NS,INDIQUBE,NSE,EQ
INDNIPPON,INDNIPPON.NS,INDNIPPON,NSE,EQ
INDOAMIN,INDOAMIN.NS,INDOAMIN,NSE,EQ
INDOBORAX,INDOBORAX.NS,INDOBORAX,NSE,EQ
INDOCO,INDOCO.NS,INDOCO,NSE,EQ
INDOFARM,INDOFARM.NS,INDOFARM,NSE,EQ
INDORAMA,INDORAMA.NS,INDORAMA,NSE,EQ
INDOSTAR,INDOSTAR.NS,INDOSTAR,NSE,EQ
INDOTECH,INDOTECH.NS,INDOTECH,NSE,EQ
INDOTHAI,INDOTHAI.NS,INDOTHAI,NSE,EQ
INDOUS,INDOUS.NS,INDOUS,NSE,EQ
INDOWIND,INDOWIND.NS,INDOWIND,NSE,EQ
INDRAMEDCO,INDRAMEDCO.NS,INDRAMEDCO,NSE,EQ
INDSWFTLAB,INDSWFTLAB.NS,INDSWFTLAB,NSE,EQ
INDTERRAIN,INDTERRAIN.NS,INDTERRAIN,NSE,EQ
INDUSINDBK,INDUSINDBK.NS,INDUSINDBK,NSE,EQ
INDUSTOWER,INDUSTOWER.NS,INDUSTOWER,NSE,EQ
INFOBEAN,INFOBEAN.NS,INFOBEAN,NSE,EQ
INFOMEDIA,INFOMEDIA.NS,INFOMEDIA,NSE,EQ
INFRA,INFRA.NS,INFRA,NSE,EQ
INFRABEES,INFRABEES.NS,INFRABEES,NSE,EQ
INFRAIETF,INFRAIETF.NS,INFRAIETF,NSE,EQ
INFY,INFY.NS,INFY,NSE,EQ
INGERRAND,INGERRAND.NS,INGERRAND,NSE,EQ
INNOVACAP,INNOVACAP.NS,INNOVACAP,NSE,EQ
INNOVANA,INNOVANA.NS,INNOVANA,NSE,EQ
INNOVISION,INNOVISION.NS,INNOVISION,NSE,EQ
INOXGREEN,INOXGREEN.NS,INOXGREEN,NSE,EQ
INOXINDIA,INOXINDIA.NS,INOXINDIA,NSE,EQ
INOXWIND,INOXWIND.NS,INOXWIND,NSE,EQ
INSECTICID,INSECTICID.NS,INSECTICID,NSE,EQ
INTELLECT,INTELLECT.NS,INTELLECT,NSE,EQ
INTENTECH,INTENTECH.NS,INTENTECH,NSE,EQ
INTERARCH,INTERARCH.NS,INTERARCH,NSE,EQ
INTERNET,INTERNET.NS,INTERNET,NSE,EQ
INTLCONV,INTLCONV.NS,INTLCONV,NSE,EQ
INVENTURE,INVENTURE.NS,INVENTURE,NSE,EQ
IOB,IOB.NS,IOB,NSE,EQ
IOC,IOC.NS,IOC,NSE,EQ
IOLCP,IOLCP.NS,IOLCP,NSE,EQ
IONEXCHANG,IONEXCHANG.NS,IONEXCHANG,NSE,EQ
IPCALAB,IPCALAB.NS,IPCALAB,NSE,EQ
IPL,IPL.NS,IPL,NSE,EQ
IRB,IRB.NS,IRB,NSE,EQ
IRCON,IRCON.NS,IRCON,NSE,EQ
IRCTC,IRCTC.NS,IRCTC,NSE,EQ
IREDA,IREDA.NS,IREDA,NSE,EQ
IRFC,IRFC.NS,IRFC,NSE,EQ
IRIS,IRIS.NS,IRIS,NSE,EQ
IRISDOREME,IRISDOREME.NS,IRISDOREME,NSE,EQ
IRMENERGY,IRMENERGY.NS,IRMENERGY,NSE,EQ
ISFT,ISFT.NS,ISFT,NSE,EQ
ISGEC,ISGEC.NS,ISGEC,NSE,EQ
ISHANCH,ISHANCH.NS,ISHANCH,NSE,EQ
IT,IT.NS,IT,NSE,EQ
ITADD,ITADD.NS,ITADD,NSE,EQ
ITBEES,ITBEES.NS,ITBEES,NSE,EQ
ITBETA,ITBETA.NS,ITBETA,NSE,EQ
ITC,ITC.NS,ITC,NSE,EQ
ITCHOTELS,ITCHOTELS.NS,ITCHOTELS,NSE,EQ
ITDC,ITDC.NS,ITDC,NSE,EQ
ITETF,ITETF.NS,ITETF,NSE,EQ
ITI,ITI.NS,ITI,NSE,EQ
ITIETF,ITIETF.NS,ITIETF,NSE,EQ
IVALUE,IVALUE.NS,IVALUE,NSE,EQ
IVC,IVC.NS,IVC,NSE,EQ
IVP,IVP.NS,IVP,NSE,EQ
IVZINGOLD,IVZINGOLD.NS,IVZINGOLD,NSE,EQ
IVZINNIFTY,IVZINNIFTY.NS,IVZINNIFTY,NSE,EQ
IXIGO,IXIGO.NS,IXIGO,NSE,EQ
J&KBANK,J&KBANK.NS,J&KBANK,NSE,EQ
JAGRAN,JAGRAN.NS,JAGRAN,NSE,EQ
JAGSNPHARM,JAGSNPHARM.NS,JAGSNPHARM,NSE,EQ
JAIBALAJI,JAIBALAJI.NS,JAIBALAJI,NSE,EQ
JAICORPLTD,JAICORPLTD.NS,JAICORPLTD,NSE,EQ
JAINREC,JAINREC.NS,JAINREC,NSE,EQ
JAIPURKURT,JAIPURKURT.NS,JAIPURKURT,NSE,EQ
JAMNAAUTO,JAMNAAUTO.NS,JAMNAAUTO,NSE,EQ
JARO,JARO.NS,JARO,NSE,EQ
JASH,JASH.NS,JASH,NSE,EQ
JAYAGROGN,JAYAGROGN.NS,JAYAGROGN,NSE,EQ
JAYBARMARU,JAYBARMARU.NS,JAYBARMARU,NSE,EQ
JAYKAY,JAYKAY.NS,JAYKAY,NSE,EQ
JAYNECOIND,JAYNECOIND.NS,JAYNECOIND,NSE,EQ
JAYSREETEA,JAYSREETEA.NS,JAYSREETEA,NSE,EQ
JBCHEPHARM,JBCHEPHARM.NS,JBCHEPHARM,NSE,EQ
JBMA,JBMA.NS,JBMA,NSE,EQ
JETFREIGHT,JETFREIGHT.NS,JETFREIGHT,NSE,EQ
JGCHEM,JGCHEM.NS,JGCHEM,NSE,EQ
JHS,JHS.NS,JHS,NSE,EQ
JINDALPHOT,JINDALPHOT.NS,JINDALPHOT,NSE,EQ
JINDALPOLY,JINDALPOLY.NS,JINDALPOLY,NSE,EQ
JINDALSAW,JINDALSAW.NS,JINDALSAW,NSE,EQ
JINDALSTEL,JINDALSTEL.NS,JINDALSTEL,NSE,EQ
JINDRILL,JINDRILL.NS,JINDRILL,NSE,EQ
JINDWORLD,JINDWORLD.NS,JINDWORLD,NSE,EQ
JIOFIN,JIOFIN.NS,JIOFIN,NSE,EQ
JISLDVREQS,JISLDVREQS.NS,JISLDVREQS,NSE,EQ
JISLJALEQS,JISLJALEQS.NS,JISLJALEQS,NSE,EQ
JKCEMENT,JKCEMENT.NS,JKCEMENT,NSE,EQ
JKIL,JKIL.NS,JKIL,NSE,EQ
JKIPL,JKIPL.NS,JKIPL,NSE,EQ
JKLAKSHMI,JKLAKSHMI.NS,JKLAKSHMI,NSE,EQ
JKPAPER,JKPAPER.NS,JKPAPER,NSE,EQ
JKTYRE,JKTYRE.NS,JKTYRE,NSE,EQ
JLHL,JLHL.NS,JLHL,NSE,EQ
JMA,JMA.NS,JMA,NSE,EQ
JMFINANCIL,JMFINANCIL.NS,JMFINANCIL,NSE,EQ
JNKINDIA,JNKINDIA.NS,JNKINDIA,NSE,EQ
JOCIL,JOCIL.NS,JOCIL,NSE,EQ
JPOLYINVST,JPOLYINVST.NS,JPOLYINVST,NSE,EQ
JPPOWER,JPPOWER.NS,JPPOWER,NSE,EQ
JSFB,JSFB.NS,JSFB,NSE,EQ
JSL,JSL.NS,JSL,NSE,EQ
JSLL,JSLL.NS,JSLL,NSE,EQ
JSWCEMENT,JSWCEMENT.NS,JSWCEMENT,NSE,EQ
JSWENERGY,JSWENERGY.NS,JSWENERGY,NSE,EQ
JSWHL,JSWHL.NS,JSWHL,NSE,EQ
JSWINFRA,JSWINFRA.NS,JSWINFRA,NSE,EQ
JSWSTEEL,JSWSTEEL.NS,JSWSTEEL,NSE,EQ
JTEKTINDIA,JTEKTINDIA.NS,JTEKTINDIA,NSE,EQ
JTLIND,JTLIND.NS,JTLIND,NSE,EQ
JUBLCPL,JUBLCPL.NS,JUBLCPL,NSE,EQ
JUBLFOOD,JUBLFOOD.NS,JUBLFOOD,NSE,EQ
JUBLINGREA,JUBLINGREA.NS,JUBLINGREA,NSE,EQ
JUBLPHARMA,JUBLPHARMA.NS,JUBLPHARMA,NSE,EQ
JUNIORBEES,JUNIORBEES.NS,JUNIORBEES,NSE,EQ
JUNIPER,JUNIPER.NS,JUNIPER,NSE,EQ
JUSTDIAL,JUSTDIAL.NS,JUSTDIAL,NSE,EQ
JWL,JWL.NS,JWL,NSE,EQ
JYOTHYLAB,JYOTHYLAB.NS,JYOTHYLAB,NSE,EQ
JYOTICNC,JYOTICNC.NS,JYOTICNC,NSE,EQ
JYOTISTRUC,JYOTISTRUC.NS,JYOTISTRUC,NSE,EQ
KABRAEXTRU,KABRAEXTRU.NS,KABRAEXTRU,NSE,EQ
KAJARIACER,KAJARIACER.NS,KAJARIACER,NSE,EQ
KAKATCEM,KAKATCEM.NS,KAKATCEM,NSE,EQ
KALAMANDIR,KALAMANDIR.NS,KALAMANDIR,NSE,EQ
KALPATARU,KALPATARU.NS,KALPATARU,NSE,EQ
KALYANIFRG,KALYANIFRG.NS,KALYANIFRG,NSE,EQ
KALYANKJIL,KALYANKJIL.NS,KALYANKJIL,NSE,EQ
KAMATHOTEL,KAMATHOTEL.NS,KAMATHOTEL,NSE,EQ
KAMDHENU,KAMDHENU.NS,KAMDHENU,NSE,EQ
KAMOPAINTS,KAMOPAINTS.NS,KAMOPAINTS,NSE,EQ
KANANIIND,KANANIIND.NS,KANANIIND,NSE,EQ
KANORICHEM,KANORICHEM.NS,KANORICHEM,NSE,EQ
KANPRPLA,KANPRPLA.NS,KANPRPLA,NSE,EQ
KANSAINER,KANSAINER.NS,KANSAINER,NSE,EQ
KARMAENG,KARMAENG.NS,KARMAENG,NSE,EQ
KARURVYSYA,KARURVYSYA.NS,KARURVYSYA,NSE,EQ
KAUSHALYA,KAUSHALYA.NS,KAUSHALYA,NSE,EQ
KAYA,KAYA.NS,KAYA,NSE,EQ
KAYNES,KAYNES.NS,KAYNES,NSE,EQ
KCP,KCP.NS,KCP,NSE,EQ
KCPSUGIND,KCPSUGIND.NS,KCPSUGIND,NSE,EQ
KDDL,KDDL.NS,KDDL,NSE,EQ
KEC,KEC.NS,KEC,NSE,EQ
KECL,KECL.NS,KECL,NSE,EQ
KEEPLEARN,KEEPLEARN.NS,KEEPLEARN,NSE,EQ
KEI,KEI.NS,KEI,NSE,EQ
KELLTONTEC,KELLTONTEC.NS,KELLTONTEC,NSE,EQ
KERNEX,KERNEX.NS,KERNEX,NSE,EQ
KESORAMIND,KESORAMIND.NS,KESORAMIND,NSE,EQ
KEYFINSERV,KEYFINSERV.NS,KEYFINSERV,NSE,EQ
KFINTECH,KFINTECH.NS,KFINTECH,NSE,EQ
KHADIM,KHADIM.NS,KHADIM,NSE,EQ
KHAICHEM,KHAICHEM.NS,KHAICHEM,NSE,EQ
KHAITANLTD,KHAITANLTD.NS,KHAITANLTD,NSE,EQ
KHANDSE,KHANDSE.NS,KHANDSE,NSE,EQ
KICL,KICL.NS,KICL,NSE,EQ
KILITCH,KILITCH.NS,KILITCH,NSE,EQ
KIMS,KIMS.NS,KIMS,NSE,EQ
KINGFA,KINGFA.NS,KINGFA,NSE,EQ
KIOCL,KIOCL.NS,KIOCL,NSE,EQ
KIRIINDUS,KIRIINDUS.NS,KIRIINDUS,NSE,EQ
KIRLOSBROS,KIRLOSBROS.NS,KIRLOSBROS,NSE,EQ
KIRLOSENG,KIRLOSENG.NS,KIRLOSENG,NSE,EQ
KIRLOSIND,KIRLOSIND.NS,KIRLOSIND,NSE,EQ
KIRLPNU,KIRLPNU.NS,KIRLPNU,NSE,EQ
KITEX,KITEX.NS,KITEX,NSE,EQ
KKCL,KKCL.NS,KKCL,NSE,EQ
KMEW,KMEW.NS,KMEW,NSE,EQ
KMSUGAR,KMSUGAR.NS,KMSUGAR,NSE,EQ
KNAGRI,KNAGRI.NS,KNAGRI,NSE,EQ
KNRCON,KNRCON.NS,KNRCON,NSE,EQ
KOHINOOR,KOHINOOR.NS,KOHINOOR,NSE,EQ
KOKUYOCMLN,KOKUYOCMLN.NS,KOKUYOCMLN,NSE,EQ
KOLTEPATIL,KOLTEPATIL.NS,KOLTEPATIL,NSE,EQ
KOPRAN,KOPRAN.NS,KOPRAN,NSE,EQ
KOTAKBANK,KOTAKBANK.NS,KOTAKBANK,NSE,EQ
KOTARISUG,KOTARISUG.NS,KOTARISUG,NSE,EQ
KOTHARIPET,KOTHARIPET.NS,KOTHARIPET,NSE,EQ
KOTHARIPRO,KOTHARIPRO.NS,KOTHARIPRO,NSE,EQ
KOTYARK,KOTYARK.NS,KOTYARK,NSE,EQ
KPEL,KPEL.NS,KPEL,NSE,EQ
KPIGREEN,KPIGREEN.NS,KPIGREEN,NSE,EQ
KPIL,KPIL.NS,KPIL,NSE,EQ
KPITTECH,KPITTECH.NS,KPITTECH,NSE,EQ
KPRMILL,KPRMILL.NS,KPRMILL,NSE,EQ
KRBL,KRBL.NS,KRBL,NSE,EQ
KREBSBIO,KREBSBIO.NS,KREBSBIO,NSE,EQ
KRIDHANINF,KRIDHANINF.NS,KRIDHANINF,NSE,EQ
KRISHANA,KRISHANA.NS,KRISHANA,NSE,EQ
KRISHIVAL,KRISHIVAL.NS,KRISHIVAL,NSE,EQ
KRISHNADEF,KRISHNADEF.NS,KRISHNADEF,NSE,EQ
KRITI,KRITI.NS,KRITI,NSE,EQ
KRITIKA,KRITIKA.NS,KRITIKA,NSE,EQ
KRITINUT,KRITINUT.NS,KRITINUT,NSE,EQ
KRN,KRN.NS,KRN,NSE,EQ
KRONOX,KRONOX.NS,KRONOX,NSE,EQ
KROSS,KROSS.NS,KROSS,NSE,EQ
KRSNAA,KRSNAA.NS,KRSNAA,NSE,EQ
KRYSTAL,KRYSTAL.NS,KRYSTAL,NSE,EQ
KSB,KSB.NS,KSB,NSE,EQ
KSCL,KSCL.NS,KSCL,NSE,EQ
KSHINTL,KSHINTL.NS,KSHINTL,NSE,EQ
KSL,KSL.NS,KSL,NSE,EQ
KSOLVES,KSOLVES.NS,KSOLVES,NSE,EQ
KTKBANK,KTKBANK.NS,KTKBANK,NSE,EQ
KUANTUM,KUANTUM.NS,KUANTUM,NSE,EQ
KWIL,KWIL.NS,KWIL,NSE,EQ
LAGNAM,LAGNAM.NS,LAGNAM,NSE,EQ
LAL,LAL.NS,LAL,NSE,EQ
LALPATHLAB,LALPATHLAB.NS,LALPATHLAB,NSE,EQ
LAMBODHARA,LAMBODHARA.NS,LAMBODHARA,NSE,EQ
LANDMARK,LANDMARK.NS,LANDMARK,NSE,EQ
LAOPALA,LAOPALA.NS,LAOPALA,NSE,EQ
LASA,LASA.NS,LASA,NSE,EQ
LATENTVIEW,LATENTVIEW.NS,LATENTVIEW,NSE,EQ
LATTEYS,LATTEYS.NS,LATTEYS,NSE,EQ
LAURUSLABS,LAURUSLABS.NS,LAURUSLABS,NSE,EQ
LAXMIDENTL,LAXMIDENTL.NS,LAXMIDENTL,NSE,EQ
LAXMIINDIA,LAXMIINDIA.NS,LAXMIINDIA,NSE,EQ
LEMERITE,LEMERITE.NS,LEMERITE,NSE,EQ
LEMONTREE,LEMONTREE.NS,LEMONTREE,NSE,EQ
LENSKART,LENSKART.NS,LENSKART,NSE,EQ
LFIC,LFIC.NS,LFIC,NSE,EQ
LGBBROSLTD,LGBBROSLTD.NS,LGBBROSLTD,NSE,EQ
LGEINDIA,LGEINDIA.NS,LGEINDIA,NSE,EQ
LGHL,LGHL.NS,LGHL,NSE,EQ
LIBAS,LIBAS.NS,LIBAS,NSE,EQ
LIBERTSHOE,LIBERTSHOE.NS,LIBERTSHOE,NSE,EQ
LICHSGFIN,LICHSGFIN.NS,LICHSGFIN,NSE,EQ
LICI,LICI.NS,LICI,NSE,EQ
LICMFGOLD,LICMFGOLD.NS,LICMFGOLD,NSE,EQ
LICNETFGSC,LICNETFGSC.NS,LICNETFGSC,NSE,EQ
LICNETFN50,LICNETFN50.NS,LICNETFN50,NSE,EQ
LICNETFSEN,LICNETFSEN.NS,LICNETFSEN,NSE,EQ
LICNFNHGP,LICNFNHGP.NS,LICNFNHGP,NSE,EQ
LICNMID100,LICNMID100.NS,LICNMID100,NSE,EQ
LIKHITHA,LIKHITHA.NS,LIKHITHA,NSE,EQ
LINC,LINC.NS,LINC,NSE,EQ
LINCOLN,LINCOLN.NS,LINCOLN,NSE,EQ
LINDEINDIA,LINDEINDIA.NS,LINDEINDIA,NSE,EQ
LIQGRWBEES,LIQGRWBEES.NS,LIQGRWBEES,NSE,EQ
LIQUID,LIQUID.NS,LIQUID,NSE,EQ
LIQUID1,LIQUID1.NS,LIQUID1,NSE,EQ
LIQUIDADD,LIQUIDADD.NS,LIQUIDADD,NSE,EQ
LIQUIDBEES,LIQUIDBEES.NS,LIQUIDBEES,NSE,EQ
LIQUIDBETF,LIQUIDBETF.NS,LIQUIDBETF,NSE,EQ
LIQUIDCASE,LIQUIDCASE.NS,LIQUIDCASE,NSE,EQ
LIQUIDETF,LIQUIDETF.NS,LIQUIDETF,NSE,EQ
LIQUIDIETF,LIQUIDIETF.NS,LIQUIDIETF,NSE,EQ
LIQUIDPLUS,LIQUIDPLUS.NS,LIQUIDPLUS,NSE,EQ
LIQUIDSBI,LIQUIDSBI.NS,LIQUIDSBI,NSE,EQ
LIQUIDSHRI,LIQUIDSHRI.NS,LIQUIDSHRI,NSE,EQ
LLOYDSENGG,LLOYDSENGG.NS,LLOYDSENGG,NSE,EQ
LLOYDSENT,LLOYDSENT.NS,LLOYDSENT,NSE,EQ
LLOYDSME,LLOYDSME.NS,LLOYDSME,NSE,EQ
LMW,LMW.NS,LMW,NSE,EQ
LODHA,LODHA.NS,LODHA,NSE,EQ
LOKESHMACH,LOKESHMACH.NS,LOKESHMACH,NSE,EQ
LORDSCHLO,LORDSCHLO.NS,LORDSCHLO,NSE,EQ
LOTUSDEV,LOTUSDEV.NS,LOTUSDEV,NSE,EQ
LOTUSEYE,LOTUSEYE.NS,LOTUSEYE,NSE,EQ
LOVABLE,LOVABLE.NS,LOVABLE,NSE,EQ
LOWVOL,LOWVOL.NS,LOWVOL,NSE,EQ
LOWVOL1,LOWVOL1.NS,LOWVOL1,NSE,EQ
LOWVOLIETF,LOWVOLIETF.NS,LOWVOLIETF,NSE,EQ
LPDC,LPDC.NS,LPDC,NSE,EQ
LT,LT.NS,LT,NSE,EQ
LTF,LTF.NS,LTF,NSE,EQ
LTFOODS,LTFOODS.NS,LTFOODS,NSE,EQ
LTGILTBEES,LTGILTBEES.NS,LTGILTBEES,NSE,EQ
LTGILTCASE,LTGILTCASE.NS,LTGILTCASE,NSE,EQ
LTM,LTM.NS,LTM,NSE,EQ
LTTS,LTTS.NS,LTTS,NSE,EQ
LUMAXIND,LUMAXIND.NS,LUMAXIND,NSE,EQ
LUMAXTECH,LUMAXTECH.NS,LUMAXTECH,NSE,EQ
LUPIN,LUPIN.NS,LUPIN,NSE,EQ
LUXIND,LUXIND.NS,LUXIND,NSE,EQ
LXCHEM,LXCHEM.NS,LXCHEM,NSE,EQ
LYKALABS,LYKALABS.NS,LYKALABS,NSE,EQ
LYPSAGEMS,LYPSAGEMS.NS,LYPSAGEMS,NSE,EQ
M&M,M&M.NS,M&M,NSE,EQ
M&MFIN,M&MFIN.NS,M&MFIN,NSE,EQ
MAANALU,MAANALU.NS,MAANALU,NSE,EQ
MACPOWER,MACPOWER.NS,MACPOWER,NSE,EQ
MADHAV,MADHAV.NS,MADHAV,NSE,EQ
MADHUCON,MADHUCON.NS,MADHUCON,NSE,EQ
MADRASFERT,MADRASFERT.NS,MADRASFERT,NSE,EQ
MAFANG,MAFANG.NS,MAFANG,NSE,EQ
MAGADSUGAR,MAGADSUGAR.NS,MAGADSUGAR,NSE,EQ
MAGNUM,MAGNUM.NS,MAGNUM,NSE,EQ
MAHABANK,MAHABANK.NS,MAHABANK,NSE,EQ
MAHAPEXLTD,MAHAPEXLTD.NS,MAHAPEXLTD,NSE,EQ
MAHEPC,MAHEPC.NS,MAHEPC,NSE,EQ
MAHESHWARI,MAHESHWARI.NS,MAHESHWARI,NSE,EQ
MAHKTECH,MAHKTECH.NS,MAHKTECH,NSE,EQ
MAHLIFE,MAHLIFE.NS,MAHLIFE,NSE,EQ
MAHLOG,MAHLOG.NS,MAHLOG,NSE,EQ
MAHSCOOTER,MAHSCOOTER.NS,MAHSCOOTER,NSE,EQ
MAHSEAMLES,MAHSEAMLES.NS,MAHSEAMLES,NSE,EQ
MAITHANALL,MAITHANALL.NS,MAITHANALL,NSE,EQ
MAKEINDIA,MAKEINDIA.NS,MAKEINDIA,NSE,EQ
MALLCOM,MALLCOM.NS,MALLCOM,NSE,EQ
MALUPAPER,MALUPAPER.NS,MALUPAPER,NSE,EQ
MAMATA,MAMATA.NS,MAMATA,NSE,EQ
MANAKCOAT,MANAKCOAT.NS,MANAKCOAT,NSE,EQ
MANAKSIA,MANAKSIA.NS,MANAKSIA,NSE,EQ
MANAKSTEEL,MANAKSTEEL.NS,MANAKSTEEL,NSE,EQ
MANALIPETC,MANALIPETC.NS,MANALIPETC,NSE,EQ
MANAPPURAM,MANAPPURAM.NS,MANAPPURAM,NSE,EQ
MANBA,MANBA.NS,MANBA,NSE,EQ
MANCREDIT,MANCREDIT.NS,MANCREDIT,NSE,EQ
MANGLMCEM,MANGLMCEM.NS,MANGLMCEM,NSE,EQ
MANINDS,MANINDS.NS,MANINDS,NSE,EQ
MANINFRA,MANINFRA.NS,MANINFRA,NSE,EQ
MANKIND,MANKIND.NS,MANKIND,NSE,EQ
MANOMAY,MANOMAY.NS,MANOMAY,NSE,EQ
MANORAMA,MANORAMA.NS,MANORAMA,NSE,EQ
MANORG,MANORG.NS,MANORG,NSE,EQ
MANUFGBEES,MANUFGBEES.NS,MANUFGBEES,NSE,EQ
MANUGRAPH,MANUGRAPH.NS,MANUGRAPH,NSE,EQ
MANYAVAR,MANYAVAR.NS,MANYAVAR,NSE,EQ
MAPMYINDIA,MAPMYINDIA.NS,MAPMYINDIA,NSE,EQ
MARALOVER,MARALOVER.NS,MARALOVER,NSE,EQ
MARATHON,MARATHON.NS,MARATHON,NSE,EQ
MARICO,MARICO.NS,MARICO,NSE,EQ
MARINE,MARINE.NS,MARINE,NSE,EQ
MARKOLINES,MARKOLINES.NS,MARKOLINES,NSE,EQ
MARKSANS,MARKSANS.NS,MARKSANS,NSE,EQ
MARSONS,MARSONS.NS,MARSONS,NSE,EQ
MARUTI,MARUTI.NS,MARUTI,NSE,EQ
MASFIN,MASFIN.NS,MASFIN,NSE,EQ
MASKINVEST,MASKINVEST.NS,MASKINVEST,NSE,EQ
MASPTOP50,MASPTOP50.NS,MASPTOP50,NSE,EQ
MASTEK,MASTEK.NS,MASTEK,NSE,EQ
MASTERTR,MASTERTR.NS,MASTERTR,NSE,EQ
MATRIMONY,MATRIMONY.NS,MATRIMONY,NSE,EQ
MAWANASUG,MAWANASUG.NS,MAWANASUG,NSE,EQ
MAXESTATES,MAXESTATES.NS,MAXESTATES,NSE,EQ
MAXHEALTH,MAXHEALTH.NS,MAXHEALTH,NSE,EQ
MAXIND,MAXIND.NS,MAXIND,NSE,EQ
MAYURUNIQ,MAYURUNIQ.NS,MAYURUNIQ,NSE,EQ
MAZDA,MAZDA.NS,MAZDA,NSE,EQ
MAZDOCK,MAZDOCK.NS,MAZDOCK,NSE,EQ
MBAPL,MBAPL.NS,MBAPL,NSE,EQ
MBEL,MBEL.NS,MBEL,NSE,EQ
MBLINFRA,MBLINFRA.NS,MBLINFRA,NSE,EQ
MCLEODRUSS,MCLEODRUSS.NS,MCLEODRUSS,NSE,EQ
MCLOUD,MCLOUD.NS,MCLOUD,NSE,EQ
MCX,MCX.NS,MCX,NSE,EQ
MEDANTA,MEDANTA.NS,MEDANTA,NSE,EQ
MEDIASSIST,MEDIASSIST.NS,MEDIASSIST,NSE,EQ
MEDICAMEQ,MEDICAMEQ.NS,MEDICAMEQ,NSE,EQ
MEDICO,MEDICO.NS,MEDICO,NSE,EQ
MEDPLUS,MEDPLUS.NS,MEDPLUS,NSE,EQ
MEESHO,MEESHO.NS,MEESHO,NSE,EQ
MEGASTAR,MEGASTAR.NS,MEGASTAR,NSE,EQ
MEIL,MEIL.NS,MEIL,NSE,EQ
MENONBE,MENONBE.NS,MENONBE,NSE,EQ
METAL,METAL.NS,METAL,NSE,EQ
METALIETF,METALIETF.NS,METALIETF,NSE,EQ
METROBRAND,METROBRAND.NS,METROBRAND,NSE,EQ
METROPOLIS,METROPOLIS.NS,METROPOLIS,NSE,EQ
MFML,MFML.NS,MFML,NSE,EQ
MFSL,MFSL.NS,MFSL,NSE,EQ
MGEL,MGEL.NS,MGEL,NSE,EQ
MGL,MGL.NS,MGL,NSE,EQ
MHLXMIRU,MHLXMIRU.NS,MHLXMIRU,NSE,EQ
MHRIL,MHRIL.NS,MHRIL,NSE,EQ
MICEL,MICEL.NS,MICEL,NSE,EQ
MID150,MID150.NS,MID150,NSE,EQ
MID150BEES,MID150BEES.NS,MID150BEES,NSE,EQ
MID150CASE,MID150CASE.NS,MID150CASE,NSE,EQ
MIDCAP,MIDCAP.NS,MIDCAP,NSE,EQ
MIDCAPADD,MIDCAPADD.NS,MIDCAPADD,NSE,EQ
MIDCAPBETA,MIDCAPBETA.NS,MIDCAPBETA,NSE,EQ
MIDCAPETF,MIDCAPETF.NS,MIDCAPETF,NSE,EQ
MIDCAPIETF,MIDCAPIETF.NS,MIDCAPIETF,NSE,EQ
MIDHANI,MIDHANI.NS,MIDHANI,NSE,EQ
MIDQ50ADD,MIDQ50ADD.NS,MIDQ50ADD,NSE,EQ
MIDSELIETF,MIDSELIETF.NS,MIDSELIETF,NSE,EQ
MIDSMALL,MIDSMALL.NS,MIDSMALL,NSE,EQ
MIDWESTLTD,MIDWESTLTD.NS,MIDWESTLTD,NSE,EQ
MINDACORP,MINDACORP.NS,MINDACORP,NSE,EQ
MINDTECK,MINDTECK.NS,MINDTECK,NSE,EQ
MIRCELECTR,MIRCELECTR.NS,MIRCELECTR,NSE,EQ
MIRZAINT,MIRZAINT.NS,MIRZAINT,NSE,EQ
MITCON,MITCON.NS,MITCON,NSE,EQ
MITTAL,MITTAL.NS,MITTAL,NSE,EQ
MKPL,MKPL.NS,MKPL,NSE,EQ
MMFL,MMFL.NS,MMFL,NSE,EQ
MMP,MMP.NS,MMP,NSE,EQ
MMTC,MMTC.NS,MMTC,NSE,EQ
MNC,MNC.NS,MNC,NSE,EQ
MOALPHA50,MOALPHA50.NS,MOALPHA50,NSE,EQ
MOBIKWIK,MOBIKWIK.NS,MOBIKWIK,NSE,EQ
MOCAPITAL,MOCAPITAL.NS,MOCAPITAL,NSE,EQ
MODEFENCE,MODEFENCE.NS,MODEFENCE,NSE,EQ
MODINATUR,MODINATUR.NS,MODINATUR,NSE,EQ
MODIRUBBER,MODIRUBBER.NS,MODIRUBBER,NSE,EQ
MODIS,MODIS.NS,MODIS,NSE,EQ
MODISONLTD,MODISONLTD.NS,MODISONLTD,NSE,EQ
MODTHREAD,MODTHREAD.NS,MODTHREAD,NSE,EQ
MOENERGY,MOENERGY.NS,MOENERGY,NSE,EQ
MOGOLD,MOGOLD.NS,MOGOLD,NSE,EQ
MOGSEC,MOGSEC.NS,MOGSEC,NSE,EQ
MOHEALTH,MOHEALTH.NS,MOHEALTH,NSE,EQ
MOHITIND,MOHITIND.NS,MOHITIND,NSE,EQ
MOIL,MOIL.NS,MOIL,NSE,EQ
MOINFRA,MOINFRA.NS,MOINFRA,NSE,EQ
MOIPO,MOIPO.NS,MOIPO,NSE,EQ
MOKSH,MOKSH.NS,MOKSH,NSE,EQ
MOL,MOL.NS,MOL,NSE,EQ
MOLDTECH,MOLDTECH.NS,MOLDTECH,NSE,EQ
MOLDTKPAC,MOLDTKPAC.NS,MOLDTKPAC,NSE,EQ
MOLOWVOL,MOLOWVOL.NS,MOLOWVOL,NSE,EQ
MOM100,MOM100.NS,MOM100,NSE,EQ
MOM30IETF,MOM30IETF.NS,MOM30IETF,NSE,EQ
MOM50,MOM50.NS,MOM50,NSE,EQ
MOMENTUM,MOMENTUM.NS,MOMENTUM,NSE,EQ
MOMENTUM30,MOMENTUM30.NS,MOMENTUM30,NSE,EQ
MOMENTUM50,MOMENTUM50.NS,MOMENTUM50,NSE,EQ
MOMGF,MOMGF.NS,MOMGF,NSE,EQ
MOMIDMTM,MOMIDMTM.NS,MOMIDMTM,NSE,EQ
MOMNC,MOMNC.NS,MOMNC,NSE,EQ
MOMOMENTUM,MOMOMENTUM.NS,MOMOMENTUM,NSE,EQ
MON100,MON100.NS,MON100,NSE,EQ
MON50EQUAL,MON50EQUAL.NS,MON50EQUAL,NSE,EQ
MONARCH,MONARCH.NS,MONARCH,NSE,EQ
MONEXT50,MONEXT50.NS,MONEXT50,NSE,EQ
MONEYBOXX,MONEYBOXX.NS,MONEYBOXX,NSE,EQ
MONIFTY100,MONIFTY100.NS,MONIFTY100,NSE,EQ
MONIFTY500,MONIFTY500.NS,MONIFTY500,NSE,EQ
MONQ50,MONQ50.NS,MONQ50,NSE,EQ
MONTECARLO,MONTECARLO.NS,MONTECARLO,NSE,EQ
MOPSE,MOPSE.NS,MOPSE,NSE,EQ
MOQUALITY,MOQUALITY.NS,MOQUALITY,NSE,EQ
MOREALTY,MOREALTY.NS,MOREALTY,NSE,EQ
MOREPENLAB,MOREPENLAB.NS,MOREPENLAB,NSE,EQ
MOSCHIP,MOSCHIP.NS,MOSCHIP,NSE,EQ
MOSERVICE,MOSERVICE.NS,MOSERVICE,NSE,EQ
MOSILVER,MOSILVER.NS,MOSILVER,NSE,EQ
MOSMALL250,MOSMALL250.NS,MOSMALL250,NSE,EQ
MOTHERSON,MOTHERSON.NS,MOTHERSON,NSE,EQ
MOTILALOFS,MOTILALOFS.NS,MOTILALOFS,NSE,EQ
MOTISONS,MOTISONS.NS,MOTISONS,NSE,EQ
MOTOGENFIN,MOTOGENFIN.NS,MOTOGENFIN,NSE,EQ
MOTOUR,MOTOUR.NS,MOTOUR,NSE,EQ
MOVALUE,MOVALUE.NS,MOVALUE,NSE,EQ
MPHASIS,MPHASIS.NS,MPHASIS,NSE,EQ
MPSLTD,MPSLTD.NS,MPSLTD,NSE,EQ
MRF,MRF.NS,MRF,NSE,EQ
MRPL,MRPL.NS,MRPL,NSE,EQ
MSCIADD,MSCIADD.NS,MSCIADD,NSE,EQ
MSCIINDIA,MSCIINDIA.NS,MSCIINDIA,NSE,EQ
MSPL,MSPL.NS,MSPL,NSE,EQ
MSTCLTD,MSTCLTD.NS,MSTCLTD,NSE,EQ
MSUMI,MSUMI.NS,MSUMI,NSE,EQ
MTARTECH,MTARTECH.NS,MTARTECH,NSE,EQ
MTNL,MTNL.NS,MTNL,NSE,EQ
MUFIN,MUFIN.NS,MUFIN,NSE,EQ
MUFTI,MUFTI.NS,MUFTI,NSE,EQ
MUKANDLTD,MUKANDLTD.NS,MUKANDLTD,NSE,EQ
MUKKA,MUKKA.NS,MUKKA,NSE,EQ
MUKTAARTS,MUKTAARTS.NS,MUKTAARTS,NSE,EQ
MULTICAP,MULTICAP.NS,MULTICAP,NSE,EQ
MUNJALAU,MUNJALAU.NS,MUNJALAU,NSE,EQ
MUNJALSHOW,MUNJALSHOW.NS,MUNJALSHOW,NSE,EQ
MURUDCERA,MURUDCERA.NS,MURUDCERA,NSE,EQ
MUTHOOTCAP,MUTHOOTCAP.NS,MUTHOOTCAP,NSE,EQ
MUTHOOTFIN,MUTHOOTFIN.NS,MUTHOOTFIN,NSE,EQ
MUTHOOTMF,MUTHOOTMF.NS,MUTHOOTMF,NSE,EQ
MVGJL,MVGJL.NS,MVGJL,NSE,EQ
MWL,MWL.NS,MWL,NSE,EQ
NACLIND,NACLIND.NS,NACLIND,NSE,EQ
NAGAFERT,NAGAFERT.NS,NAGAFERT,NSE,EQ
NAGREEKCAP,NAGREEKCAP.NS,NAGREEKCAP,NSE,EQ
NAGREEKEXP,NAGREEKEXP.NS,NAGREEKEXP,NSE,EQ
NAHARCAP,NAHARCAP.NS,NAHARCAP,NSE,EQ
NAHARINDUS,NAHARINDUS.NS,NAHARINDUS,NSE,EQ
NAHARPOLY,NAHARPOLY.NS,NAHARPOLY,NSE,EQ
NAHARSPING,NAHARSPING.NS,NAHARSPING,NSE,EQ
NAM-INDIA,NAM-INDIA.NS,NAM-INDIA,NSE,EQ
NARMADA,NARMADA.NS,NARMADA,NSE,EQ
NATCAPSUQ,NATCAPSUQ.NS,NATCAPSUQ,NSE,EQ
NATCOPHARM,NATCOPHARM.NS,NATCOPHARM,NSE,EQ
NATHBIOGEN,NATHBIOGEN.NS,NATHBIOGEN,NSE,EQ
NATIONALUM,NATIONALUM.NS,NATIONALUM,NSE,EQ
NAUKRI,NAUKRI.NS,NAUKRI,NSE,EQ
NAVA,NAVA.NS,NAVA,NSE,EQ
NAVINFLUOR,NAVINFLUOR.NS,NAVINFLUOR,NSE,EQ
NAVKARCORP,NAVKARCORP.NS,NAVKARCORP,NSE,EQ
NAVKARURB,NAVKARURB.NS,NAVKARURB,NSE,EQ
NAVNETEDUL,NAVNETEDUL.NS,NAVNETEDUL,NSE,EQ
NAZARA,NAZARA.NS,NAZARA,NSE,EQ
NBCC,NBCC.NS,NBCC,NSE,EQ
NBIFIN,NBIFIN.NS,NBIFIN,NSE,EQ
NCC,NCC.NS,NCC,NSE,EQ
NCLIND,NCLIND.NS,NCLIND,NSE,EQ
NDGL,NDGL.NS,NDGL,NSE,EQ
NDL,NDL.NS,NDL,NSE,EQ
NDLVENTURE,NDLVENTURE.NS,NDLVENTURE,NSE,EQ
NDRAUTO,NDRAUTO.NS,NDRAUTO,NSE,EQ
NDTV,NDTV.NS,NDTV,NSE,EQ
NECCLTD,NECCLTD.NS,NECCLTD,NSE,EQ
NECLIFE,NECLIFE.NS,NECLIFE,NSE,EQ
NELCAST,NELCAST.NS,NELCAST,NSE,EQ
NELCO,NELCO.NS,NELCO,NSE,EQ
NEOGEN,NEOGEN.NS,NEOGEN,NSE,EQ
NEPHROPLUS,NEPHROPLUS.NS,NEPHROPLUS,NSE,EQ
NESCO,NESCO.NS,NESCO,NSE,EQ
NESTLEIND,NESTLEIND.NS,NESTLEIND,NSE,EQ
NETF,NETF.NS,NETF,NSE,EQ
NETWEB,NETWEB.NS,NETWEB,NSE,EQ
NETWORK18,NETWORK18.NS,NETWORK18,NSE,EQ
NEULANDLAB,NEULANDLAB.NS,NEULANDLAB,NSE,EQ
NEWGEN,NEWGEN.NS,NEWGEN,NSE,EQ
NEXT30ADD,NEXT30ADD.NS,NEXT30ADD,NSE,EQ
NEXT50,NEXT50.NS,NEXT50,NSE,EQ
NEXT50ADD,NEXT50ADD.NS,NEXT50ADD,NSE,EQ
NEXT50BETA,NEXT50BETA.NS,NEXT50BETA,NSE,EQ
NEXT50ETF,NEXT50ETF.NS,NEXT50ETF,NSE,EQ
NEXT50IETF,NEXT50IETF.NS,NEXT50IETF,NSE,EQ
NEXTMEDIA,NEXTMEDIA.NS,NEXTMEDIA,NSE,EQ
NFL,NFL.NS,NFL,NSE,EQ
NGIL,NGIL.NS,NGIL,NSE,EQ
NGLFINE,NGLFINE.NS,NGLFINE,NSE,EQ
NH,NH.NS,NH,NSE,EQ
NHPC,NHPC.NS,NHPC,NSE,EQ
NIACL,NIACL.NS,NIACL,NSE,EQ
NIBE,NIBE.NS,NIBE,NSE,EQ
NIBL,NIBL.NS,NIBL,NSE,EQ
NIF100BEES,NIF100BEES.NS,NIF100BEES,NSE,EQ
NIF100IETF,NIF100IETF.NS,NIF100IETF,NSE,EQ
NIFTY1,NIFTY1.NS,NIFTY1,NSE,EQ
NIFTY100EW,NIFTY100EW.NS,NIFTY100EW,NSE,EQ
NIFTYADD,NIFTYADD.NS,NIFTYADD,NSE,EQ
NIFTYBEES,NIFTYBEES.NS,NIFTYBEES,NSE,EQ
NIFTYBETA,NIFTYBETA.NS,NIFTYBETA,NSE,EQ
NIFTYBETF,NIFTYBETF.NS,NIFTYBETF,NSE,EQ
NIFTYCASE,NIFTYCASE.NS,NIFTYCASE,NSE,EQ
NIFTYETF,NIFTYETF.NS,NIFTYETF,NSE,EQ
NIFTYIETF,NIFTYIETF.NS,NIFTYIETF,NSE,EQ
NIFTYQLITY,NIFTYQLITY.NS,NIFTYQLITY,NSE,EQ
NIITLTD,NIITLTD.NS,NIITLTD,NSE,EQ
NIITMTS,NIITMTS.NS,NIITMTS,NSE,EQ
NILAINFRA,NILAINFRA.NS,NILAINFRA,NSE,EQ
NILASPACES,NILASPACES.NS,NILASPACES,NSE,EQ
NILKAMAL,NILKAMAL.NS,NILKAMAL,NSE,EQ
NINSYS,NINSYS.NS,NINSYS,NSE,EQ
NIPPOBATRY,NIPPOBATRY.NS,NIPPOBATRY,NSE,EQ
NIRAJ,NIRAJ.NS,NIRAJ,NSE,EQ
NITCO,NITCO.NS,NITCO,NSE,EQ
NITINSPIN,NITINSPIN.NS,NITINSPIN,NSE,EQ
NITIRAJ,NITIRAJ.NS,NITIRAJ,NSE,EQ
NIVABUPA,NIVABUPA.NS,NIVABUPA,NSE,EQ
NLCINDIA,NLCINDIA.NS,NLCINDIA,NSE,EQ
NMDC,NMDC.NS,NMDC,NSE,EQ
NOCIL,NOCIL.NS,NOCIL,NSE,EQ
NOIDATOLL,NOIDATOLL.NS,NOIDATOLL,NSE,EQ
NORTHARC,NORTHARC.NS,NORTHARC,NSE,EQ
NOVAAGRI,NOVAAGRI.NS,NOVAAGRI,NSE,EQ
NPBET,NPBET.NS,NPBET,NSE,EQ
NPST,NPST.NS,NPST,NSE,EQ
NRAIL,NRAIL.NS,NRAIL,NSE,EQ
NRBBEARING,NRBBEARING.NS,NRBBEARING,NSE,EQ
NRL,NRL.NS,NRL,NSE,EQ
NSIL,NSIL.NS,NSIL,NSE,EQ
NSLNISP,NSLNISP.NS,NSLNISP,NSE,EQ
NTPC,NTPC.NS,NTPC,NSE,EQ
NTPCGREEN,NTPCGREEN.NS,NTPCGREEN,NSE,EQ
NUCLEUS,NUCLEUS.NS,NUCLEUS,NSE,EQ
NURECA,NURECA.NS,NURECA,NSE,EQ
NUVAMA,NUVAMA.NS,NUVAMA,NSE,EQ
NUVOCO,NUVOCO.NS,NUVOCO,NSE,EQ
NV20,NV20.NS,NV20,NSE,EQ
NV20BEES,NV20BEES.NS,NV20BEES,NSE,EQ
NV20IETF,NV20IETF.NS,NV20IETF,NSE,EQ
NYKAA,NYKAA.NS,NYKAA,NSE,EQ
OAL,OAL.NS,OAL,NSE,EQ
OBCL,OBCL.NS,OBCL,NSE,EQ
OBEROIRLTY,OBEROIRLTY.NS,OBEROIRLTY,NSE,EQ
OCCLLTD,OCCLLTD.NS,OCCLLTD,NSE,EQ
ODIGMA,ODIGMA.NS,ODIGMA,NSE,EQ
OFSS,OFSS.NS,OFSS,NSE,EQ
OIL,OIL.NS,OIL,NSE,EQ
OILCOUNTUB,OILCOUNTUB.NS,OILCOUNTUB,NSE,EQ
OILIETF,OILIETF.NS,OILIETF,NSE,EQ
OLAELEC,OLAELEC.NS,OLAELEC,NSE,EQ
OLECTRA,OLECTRA.NS,OLECTRA,NSE,EQ
OMAXAUTO,OMAXAUTO.NS,OMAXAUTO,NSE,EQ
OMAXE,OMAXE.NS,OMAXE,NSE,EQ
OMFREIGHT,OMFREIGHT.NS,OMFREIGHT,NSE,EQ
OMINFRAL,OMINFRAL.NS,OMINFRAL,NSE,EQ
OMNI,OMNI.NS,OMNI,NSE,EQ
ONELIFECAP,ONELIFECAP.NS,ONELIFECAP,NSE,EQ
ONEPOINT,ONEPOINT.NS,ONEPOINT,NSE,EQ
ONESOURCE,ONESOURCE.NS,ONESOURCE,NSE,EQ
ONGC,ONGC.NS,ONGC,NSE,EQ
ONMOBILE,ONMOBILE.NS,ONMOBILE,NSE,EQ
ONWARDTEC,ONWARDTEC.NS,ONWARDTEC,NSE,EQ
OPTIEMUS,OPTIEMUS.NS,OPTIEMUS,NSE,EQ
ORBTEXP,ORBTEXP.NS,ORBTEXP,NSE,EQ
ORCHASP,ORCHASP.NS,ORCHASP,NSE,EQ
ORCHPHARMA,ORCHPHARMA.NS,ORCHPHARMA,NSE,EQ
ORICONENT,ORICONENT.NS,ORICONENT,NSE,EQ
ORIENTALTL,ORIENTALTL.NS,ORIENTALTL,NSE,EQ
ORIENTBELL,ORIENTBELL.NS,ORIENTBELL,NSE,EQ
ORIENTCEM,ORIENTCEM.NS,ORIENTCEM,NSE,EQ
ORIENTCER,ORIENTCER.NS,ORIENTCER,NSE,EQ
ORIENTELEC,ORIENTELEC.NS,ORIENTELEC,NSE,EQ
ORIENTHOT,ORIENTHOT.NS,ORIENTHOT,NSE,EQ
ORIENTLTD,ORIENTLTD.NS,ORIENTLTD,NSE,EQ
ORIENTPPR,ORIENTPPR.NS,ORIENTPPR,NSE,EQ
ORIENTTECH,ORIENTTECH.NS,ORIENTTECH,NSE,EQ
ORISSAMINE,ORISSAMINE.NS,ORISSAMINE,NSE,EQ
ORKLAINDIA,ORKLAINDIA.NS,ORKLAINDIA,NSE,EQ
OSIAHYPER,OSIAHYPER.NS,OSIAHYPER,NSE,EQ
OSWALAGRO,OSWALAGRO.NS,OSWALAGRO,NSE,EQ
OSWALGREEN,OSWALGREEN.NS,OSWALGREEN,NSE,EQ
OSWALPUMPS,OSWALPUMPS.NS,OSWALPUMPS,NSE,EQ
OSWALSEEDS,OSWALSEEDS.NS,OSWALSEEDS,NSE,EQ
PACEDIGITK,PACEDIGITK.NS,PACEDIGITK,NSE,EQ
PAGEIND,PAGEIND.NS,PAGEIND,NSE,EQ
PAISALO,PAISALO.NS,PAISALO,NSE,EQ
PAKKA,PAKKA.NS,PAKKA,NSE,EQ
PALASHSECU,PALASHSECU.NS,PALASHSECU,NSE,EQ
PALREDTEC,PALREDTEC.NS,PALREDTEC,NSE,EQ
PANACEABIO,PANACEABIO.NS,PANACEABIO,NSE,EQ
PANAMAPET,PANAMAPET.NS,PANAMAPET,NSE,EQ
PANSARI,PANSARI.NS,PANSARI,NSE,EQ
PAR,PAR.NS,PAR,NSE,EQ
PARACABLES,PARACABLES.NS,PARACABLES,NSE,EQ
PARADEEP,PARADEEP.NS,PARADEEP,NSE,EQ
PARAGMILK,PARAGMILK.NS,PARAGMILK,NSE,EQ
PARAS,PARAS.NS,PARAS,NSE,EQ
PARKHOSPS,PARKHOSPS.NS,PARKHOSPS,NSE,EQ
PARKHOTELS,PARKHOTELS.NS,PARKHOTELS,NSE,EQ
PARSVNATH,PARSVNATH.NS,PARSVNATH,NSE,EQ
PASHUPATI,PASHUPATI.NS,PASHUPATI,NSE,EQ
PASUPTAC,PASUPTAC.NS,PASUPTAC,NSE,EQ
PATANJALI,PATANJALI.NS,PATANJALI,NSE,EQ
PATELENG,PATELENG.NS,PATELENG,NSE,EQ
PATELRMART,PATELRMART.NS,PATELRMART,NSE,EQ
PATINTLOG,PATINTLOG.NS,PATINTLOG,NSE,EQ
PAUSHAKLTD,PAUSHAKLTD.NS,PAUSHAKLTD,NSE,EQ
PAVNAIND,PAVNAIND.NS,PAVNAIND,NSE,EQ
PAYTM,PAYTM.NS,PAYTM,NSE,EQ
PCBL,PCBL.NS,PCBL,NSE,EQ
PCJEWELLER,PCJEWELLER.NS,PCJEWELLER,NSE,EQ
PDMJEPAPER,PDMJEPAPER.NS,PDMJEPAPER,NSE,EQ
PDSL,PDSL.NS,PDSL,NSE,EQ
PEARLPOLY,PEARLPOLY.NS,PEARLPOLY,NSE,EQ
PENIND,PENIND.NS,PENIND,NSE,EQ
PENINLAND,PENINLAND.NS,PENINLAND,NSE,EQ
PERSISTENT,PERSISTENT.NS,PERSISTENT,NSE,EQ
PETRONET,PETRONET.NS,PETRONET,NSE,EQ
PFC,PFC.NS,PFC,NSE,EQ
PFIZER,PFIZER.NS,PFIZER,NSE,EQ
PFOCUS,PFOCUS.NS,PFOCUS,NSE,EQ
PFS,PFS.NS,PFS,NSE,EQ
PGEL,PGEL.NS,PGEL,NSE,EQ
PGHH,PGHH.NS,PGHH,NSE,EQ
PGHL,PGHL.NS,PGHL,NSE,EQ
PGIL,PGIL.NS,PGIL,NSE,EQ
PHARMABEES,PHARMABEES.NS,PHARMABEES,NSE,EQ
PHOENIXLTD,PHOENIXLTD.NS,PHOENIXLTD,NSE,EQ
PICCADIL,PICCADIL.NS,PICCADIL,NSE,EQ
PIDILITIND,PIDILITIND.NS,PIDILITIND,NSE,EQ
PIGL,PIGL.NS,PIGL,NSE,EQ
PIIND,PIIND.NS,PIIND,NSE,EQ
PILANIINVS,PILANIINVS.NS,PILANIINVS,NSE,EQ
PILITA,PILITA.NS,PILITA,NSE,EQ
PINELABS,PINELABS.NS,PINELABS,NSE,EQ
PIONEEREMB,PIONEEREMB.NS,PIONEEREMB,NSE,EQ
PIRAMALFIN,PIRAMALFIN.NS,PIRAMALFIN,NSE,EQ
PITTIENG,PITTIENG.NS,PITTIENG,NSE,EQ
PIXTRANS,PIXTRANS.NS,PIXTRANS,NSE,EQ
PKTEA,PKTEA.NS,PKTEA,NSE,EQ
PLASTIBLEN,PLASTIBLEN.NS,PLASTIBLEN,NSE,EQ
PLATIND,PLATIND.NS,PLATIND,NSE,EQ
PLAZACABLE,PLAZACABLE.NS,PLAZACABLE,NSE,EQ
PNB,PNB.NS,PNB,NSE,EQ
PNBGILTS,PNBGILTS.NS,PNBGILTS,NSE,EQ
PNBHOUSING,PNBHOUSING.NS,PNBHOUSING,NSE,EQ
PNC,PNC.NS,PNC,NSE,EQ
PNCINFRA,PNCINFRA.NS,PNCINFRA,NSE,EQ
PNGJL,PNGJL.NS,PNGJL,NSE,EQ
PNGSREVA,PNGSREVA.NS,PNGSREVA,NSE,EQ
POCL,POCL.NS,POCL,NSE,EQ
PODDARMENT,PODDARMENT.NS,PODDARMENT,NSE,EQ
POKARNA,POKARNA.NS,POKARNA,NSE,EQ
POLICYBZR,POLICYBZR.NS,POLICYBZR,NSE,EQ
POLYCAB,POLYCAB.NS,POLYCAB,NSE,EQ
POLYMED,POLYMED.NS,POLYMED,NSE,EQ
POLYPLEX,POLYPLEX.NS,POLYPLEX,NSE,EQ
PONNIERODE,PONNIERODE.NS,PONNIERODE,NSE,EQ
POONAWALLA,POONAWALLA.NS,POONAWALLA,NSE,EQ
POWERGRID,POWERGRID.NS,POWERGRID,NSE,EQ
POWERINDIA,POWERINDIA.NS,POWERINDIA,NSE,EQ
POWERMECH,POWERMECH.NS,POWERMECH,NSE,EQ
PPAP,PPAP.NS,PPAP,NSE,EQ
PPL,PPL.NS,PPL,NSE,EQ
PPLPHARMA,PPLPHARMA.NS,PPLPHARMA,NSE,EQ
PRABHA,PRABHA.NS,PRABHA,NSE,EQ
PRAENG,PRAENG.NS,PRAENG,NSE,EQ
PRAJIND,PRAJIND.NS,PRAJIND,NSE,EQ
PRAKASH,PRAKASH.NS,PRAKASH,NSE,EQ
PRAKASHSTL,PRAKASHSTL.NS,PRAKASHSTL,NSE,EQ
PRAXIS,PRAXIS.NS,PRAXIS,NSE,EQ
PRECAM,PRECAM.NS,PRECAM,NSE,EQ
PRECWIRE,PRECWIRE.NS,PRECWIRE,NSE,EQ
PREMEXPLN,PREMEXPLN.NS,PREMEXPLN,NSE,EQ
PREMIERENE,PREMIERENE.NS,PREMIERENE,NSE,EQ
PREMIERPOL,PREMIERPOL.NS,PREMIERPOL,NSE,EQ
PRESTIGE,PRESTIGE.NS,PRESTIGE,NSE,EQ
PRICOLLTD,PRICOLLTD.NS,PRICOLLTD,NSE,EQ
PRIMESECU,PRIMESECU.NS,PRIMESECU,NSE,EQ
PRIMO,PRIMO.NS,PRIMO,NSE,EQ
PRINCEPIPE,PRINCEPIPE.NS,PRINCEPIPE,NSE,EQ
PRITI,PRITI.NS,PRITI,NSE,EQ
PRITIKAUTO,PRITIKAUTO.NS,PRITIKAUTO,NSE,EQ
PRIVISCL,PRIVISCL.NS,PRIVISCL,NSE,EQ
PROSTARM,PROSTARM.NS,PROSTARM,NSE,EQ
PROTEAN,PROTEAN.NS,PROTEAN,NSE,EQ
PROZONER,PROZONER.NS,PROZONER,NSE,EQ
PRSMJOHNSN,PRSMJOHNSN.NS,PRSMJOHNSN,NSE,EQ
PRUDENT,PRUDENT.NS,PRUDENT,NSE,EQ
PRUDMOULI,PRUDMOULI.NS,PRUDMOULI,NSE,EQ
PSB,PSB.NS,PSB,NSE,EQ
PSPPROJECT,PSPPROJECT.NS,PSPPROJECT,NSE,EQ
PSUBANK,PSUBANK.NS,PSUBANK,NSE,EQ
PSUBANKADD,PSUBANKADD.NS,PSUBANKADD,NSE,EQ
PSUBNKBEES,PSUBNKBEES.NS,PSUBNKBEES,NSE,EQ
PSUBNKIETF,PSUBNKIETF.NS,PSUBNKIETF,NSE,EQ
PTC,PTC.NS,PTC,NSE,EQ
PTCIL,PTCIL.NS,PTCIL,NSE,EQ
PTL,PTL.NS,PTL,NSE,EQ
PUNJABCHEM,PUNJABCHEM.NS,PUNJABCHEM,NSE,EQ
PURVA,PURVA.NS,PURVA,NSE,EQ
PVP,PVP.NS,PVP,NSE,EQ
PVRINOX,PVRINOX.NS,PVRINOX,NSE,EQ
PVSL,PVSL.NS,PVSL,NSE,EQ
PVTBANIETF,PVTBANIETF.NS,PVTBANIETF,NSE,EQ
PVTBANKADD,PVTBANKADD.NS,PVTBANKADD,NSE,EQ
PWL,PWL.NS,PWL,NSE,EQ
PYRAMID,PYRAMID.NS,PYRAMID,NSE,EQ
QGOLDHALF,QGOLDHALF.NS,QGOLDHALF,NSE,EQ
QNIFTY,QNIFTY.NS,QNIFTY,NSE,EQ
QPOWER,QPOWER.NS,QPOWER,NSE,EQ
QUADFUTURE,QUADFUTURE.NS,QUADFUTURE,NSE,EQ
QUAL30IETF,QUAL30IETF.NS,QUAL30IETF,NSE,EQ
QUALITY30,QUALITY30.NS,QUALITY30,NSE,EQ
QUESS,QUESS.NS,QUESS,NSE,EQ
QUICKHEAL,QUICKHEAL.NS,QUICKHEAL,NSE,EQ
RACE,RACE.NS,RACE,NSE,EQ
RACLGEAR,RACLGEAR.NS,RACLGEAR,NSE,EQ
RADAAN,RADAAN.NS,RADAAN,NSE,EQ
RADHIKAJWE,RADHIKAJWE.NS,RADHIKAJWE,NSE,EQ
RADIANTCMS,RADIANTCMS.NS,RADIANTCMS,NSE,EQ
RADICO,RADICO.NS,RADICO,NSE,EQ
RADIOCITY,RADIOCITY.NS,RADIOCITY,NSE,EQ
RAILTEL,RAILTEL.NS,RAILTEL,NSE,EQ
RAIN,RAIN.NS,RAIN,NSE,EQ
RAINBOW,RAINBOW.NS,RAINBOW,NSE,EQ
RAJMET,RAJMET.NS,RAJMET,NSE,EQ
RAJOOENG,RAJOOENG.NS,RAJOOENG,NSE,EQ
RAJRATAN,RAJRATAN.NS,RAJRATAN,NSE,EQ
RAJSREESUG,RAJSREESUG.NS,RAJSREESUG,NSE,EQ
RAJTV,RAJTV.NS,RAJTV,NSE,EQ
RALLIS,RALLIS.NS,RALLIS,NSE,EQ
RAMANEWS,RAMANEWS.NS,RAMANEWS,NSE,EQ
RAMAPHO,RAMAPHO.NS,RAMAPHO,NSE,EQ
RAMASTEEL,RAMASTEEL.NS,RAMASTEEL,NSE,EQ
RAMCOCEM,RAMCOCEM.NS,RAMCOCEM,NSE,EQ
RAMCOIND,RAMCOIND.NS,RAMCOIND,NSE,EQ
RAMCOSYS,RAMCOSYS.NS,RAMCOSYS,NSE,EQ
RAMKY,RAMKY.NS,RAMKY,NSE,EQ
RAMRAT,RAMRAT.NS,RAMRAT,NSE,EQ
RANASUG,RANASUG.NS,RANASUG,NSE,EQ
RANEHOLDIN,RANEHOLDIN.NS,RANEHOLDIN,NSE,EQ
RATEGAIN,RATEGAIN.NS,RATEGAIN,NSE,EQ
RATNAMANI,RATNAMANI.NS,RATNAMANI,NSE,EQ
RATNAVEER,RATNAVEER.NS,RATNAVEER,NSE,EQ
RAYMOND,RAYMOND.NS,RAYMOND,NSE,EQ
RAYMONDLSL,RAYMONDLSL.NS,RAYMONDLSL,NSE,EQ
RAYMONDREL,RAYMONDREL.NS,RAYMONDREL,NSE,EQ
RBA,RBA.NS,RBA,NSE,EQ
RBLBANK,RBLBANK.NS,RBLBANK,NSE,EQ
RBZJEWEL,RBZJEWEL.NS,RBZJEWEL,NSE,EQ
RCF,RCF.NS,RCF,NSE,EQ
RECLTD,RECLTD.NS,RECLTD,NSE,EQ
REDINGTON,REDINGTON.NS,REDINGTON,NSE,EQ
REDTAPE,REDTAPE.NS,REDTAPE,NSE,EQ
REFEX,REFEX.NS,REFEX,NSE,EQ
REGAAL,REGAAL.NS,REGAAL,NSE,EQ
REGENCERAM,REGENCERAM.NS,REGENCERAM,NSE,EQ
RELAXO,RELAXO.NS,RELAXO,NSE,EQ
RELCHEMQ,RELCHEMQ.NS,RELCHEMQ,NSE,EQ
RELIABLE,RELIABLE.NS,RELIABLE,NSE,EQ
RELIANCE,RELIANCE.NS,RELIANCE,NSE,EQ
RELIGARE,RELIGARE.NS,RELIGARE,NSE,EQ
RELTD,RELTD.NS,RELTD,NSE,EQ
REMSONSIND,REMSONSIND.NS,REMSONSIND,NSE,EQ
RENUKA,RENUKA.NS,RENUKA,NSE,EQ
REPCOHOME,REPCOHOME.NS,REPCOHOME,NSE,EQ
REPL,REPL.NS,REPL,NSE,EQ
REPRO,REPRO.NS,REPRO,NSE,EQ
RESPONIND,RESPONIND.NS,RESPONIND,NSE,EQ
RETAIL,RETAIL.NS,RETAIL,NSE,EQ
RGL,RGL.NS,RGL,NSE,EQ
RHETAN,RHETAN.NS,RHETAN,NSE,EQ
RHIM,RHIM.NS,RHIM,NSE,EQ
RHL,RHL.NS,RHL,NSE,EQ
RICOAUTO,RICOAUTO.NS,RICOAUTO,NSE,EQ
RIIL,RIIL.NS,RIIL,NSE,EQ
RISHABH,RISHABH.NS,RISHABH,NSE,EQ
RITCO,RITCO.NS,RITCO,NSE,EQ
RITES,RITES.NS,RITES,NSE,EQ
RKDL,RKDL.NS,RKDL,NSE,EQ
RKEC,RKEC.NS,RKEC,NSE,EQ
RKFORGE,RKFORGE.NS,RKFORGE,NSE,EQ
RKSWAMY,RKSWAMY.NS,RKSWAMY,NSE,EQ
RMDRIP,RMDRIP.NS,RMDRIP,NSE,EQ
RML,RML.NS,RML,NSE,EQ
ROHLTD,ROHLTD.NS,ROHLTD,NSE,EQ
ROLEXRINGS,ROLEXRINGS.NS,ROLEXRINGS,NSE,EQ
ROML,ROML.NS,ROML,NSE,EQ
ROSSARI,ROSSARI.NS,ROSSARI,NSE,EQ
ROSSELLIND,ROSSELLIND.NS,ROSSELLIND,NSE,EQ
ROSSTECH,ROSSTECH.NS,ROSSTECH,NSE,EQ
ROTO,ROTO.NS,ROTO,NSE,EQ
ROUTE,ROUTE.NS,ROUTE,NSE,EQ
RPEL,RPEL.NS,RPEL,NSE,EQ
RPGLIFE,RPGLIFE.NS,RPGLIFE,NSE,EQ
RPOWER,RPOWER.NS,RPOWER,NSE,EQ
RPPINFRA,RPPINFRA.NS,RPPINFRA,NSE,EQ
RPPL,RPPL.NS,RPPL,NSE,EQ
RPSGVENT,RPSGVENT.NS,RPSGVENT,NSE,EQ
RPTECH,RPTECH.NS,RPTECH,NSE,EQ
RRKABEL,RRKABEL.NS,RRKABEL,NSE,EQ
RSL,RSL.NS,RSL,NSE,EQ
RSSOFTWARE,RSSOFTWARE.NS,RSSOFTWARE,NSE,EQ
RSWM,RSWM.NS,RSWM,NSE,EQ
RSYSTEMS,RSYSTEMS.NS,RSYSTEMS,NSE,EQ
RTNINDIA,RTNINDIA.NS,RTNINDIA,NSE,EQ
RTNPOWER,RTNPOWER.NS,RTNPOWER,NSE,EQ
RUBFILA,RUBFILA.NS,RUBFILA,NSE,EQ
RUBICON,RUBICON.NS,RUBICON,NSE,EQ
RUBYMILLS,RUBYMILLS.NS,RUBYMILLS,NSE,EQ
RUCHINFRA,RUCHINFRA.NS,RUCHINFRA,NSE,EQ
RUCHIRA,RUCHIRA.NS,RUCHIRA,NSE,EQ
RUDRA,RUDRA.NS,RUDRA,NSE,EQ
RUPA,RUPA.NS,RUPA,NSE,EQ
RUSHIL,RUSHIL.NS,RUSHIL,NSE,EQ
RUSTOMJEE,RUSTOMJEE.NS,RUSTOMJEE,NSE,EQ
RVHL,RVHL.NS,RVHL,NSE,EQ
RVNL,RVNL.NS,RVNL,NSE,EQ
RVTH,RVTH.NS,RVTH,NSE,EQ
SAATVIKGL,SAATVIKGL.NS,SAATVIKGL,NSE,EQ
SADBHIN,SADBHIN.NS,SADBHIN,NSE,EQ
SADHNANIQ,SADHNANIQ.NS,SADHNANIQ,NSE,EQ
SAFARI,SAFARI.NS,SAFARI,NSE,EQ
SAGARDEEP,SAGARDEEP.NS,SAGARDEEP,NSE,EQ
SAGCEM,SAGCEM.NS,SAGCEM,NSE,EQ
SAGILITY,SAGILITY.NS,SAGILITY,NSE,EQ
SAHYADRI,SAHYADRI.NS,SAHYADRI,NSE,EQ
SAIL,SAIL.NS,SAIL,NSE,EQ
SAILIFE,SAILIFE.NS,SAILIFE,NSE,EQ
SAKAR,SAKAR.NS,SAKAR,NSE,EQ
SAKHTISUG,SAKHTISUG.NS,SAKHTISUG,NSE,EQ
SAKSOFT,SAKSOFT.NS,SAKSOFT,NSE,EQ
SAKUMA,SAKUMA.NS,SAKUMA,NSE,EQ
SALASAR,SALASAR.NS,SALASAR,NSE,EQ
SALONA,SALONA.NS,SALONA,NSE,EQ
SALSTEEL,SALSTEEL.NS,SALSTEEL,NSE,EQ
SALZERELEC,SALZERELEC.NS,SALZERELEC,NSE,EQ
SAMBHAAV,SAMBHAAV.NS,SAMBHAAV,NSE,EQ
SAMBHV,SAMBHV.NS,SAMBHV,NSE,EQ
SAMHI,SAMHI.NS,SAMHI,NSE,EQ
SAMMAANCAP,SAMMAANCAP.NS,SAMMAANCAP,NSE,EQ
SAMPANN,SAMPANN.NS,SAMPANN,NSE,EQ
SANATHAN,SANATHAN.NS,SANATHAN,NSE,EQ
SANDESH,SANDESH.NS,SANDESH,NSE,EQ
SANDHAR,SANDHAR.NS,SANDHAR,NSE,EQ
SANDUMA,SANDUMA.NS,SANDUMA,NSE,EQ
SANGAMIND,SANGAMIND.NS,SANGAMIND,NSE,EQ
SANGHIIND,SANGHIIND.NS,SANGHIIND,NSE,EQ
SANGHVIMOV,SANGHVIMOV.NS,SANGHVIMOV,NSE,EQ
SANOFI,SANOFI.NS,SANOFI,NSE,EQ
SANOFICONR,SANOFICONR.NS,SANOFICONR,NSE,EQ
SANSERA,SANSERA.NS,SANSERA,NSE,EQ
SANSTAR,SANSTAR.NS,SANSTAR,NSE,EQ
SAPPHIRE,SAPPHIRE.NS,SAPPHIRE,NSE,EQ
SARDAEN,SARDAEN.NS,SARDAEN,NSE,EQ
SAREGAMA,SAREGAMA.NS,SAREGAMA,NSE,EQ
SARLAPOLY,SARLAPOLY.NS,SARLAPOLY,NSE,EQ
SARVESHWAR,SARVESHWAR.NS,SARVESHWAR,NSE,EQ
SASKEN,SASKEN.NS,SASKEN,NSE,EQ
SASTASUNDR,SASTASUNDR.NS,SASTASUNDR,NSE,EQ
SATIA,SATIA.NS,SATIA,NSE,EQ
SATIN,SATIN.NS,SATIN,NSE,EQ
SAURASHCEM,SAURASHCEM.NS,SAURASHCEM,NSE,EQ
SBC,SBC.NS,SBC,NSE,EQ
SBCL,SBCL.NS,SBCL,NSE,EQ
SBFC,SBFC.NS,SBFC,NSE,EQ
SBGLP,SBGLP.NS,SBGLP,NSE,EQ
SBIBPB,SBIBPB.NS,SBIBPB,NSE,EQ
SBICARD,SBICARD.NS,SBICARD,NSE,EQ
SBIETFCON,SBIETFCON.NS,SBIETFCON,NSE,EQ
SBIETFIT,SBIETFIT.NS,SBIETFIT,NSE,EQ
SBIETFPB,SBIETFPB.NS,SBIETFPB,NSE,EQ
SBIETFQLTY,SBIETFQLTY.NS,SBIETFQLTY,NSE,EQ
SBILIFE,SBILIFE.NS,SBILIFE,NSE,EQ
SBILIQETF,SBILIQETF.NS,SBILIQETF,NSE,EQ
SBIMIDMOM,SBIMIDMOM.NS,SBIMIDMOM,NSE,EQ
SBIN,SBIN.NS,SBIN,NSE,EQ
SBINEQWETF,SBINEQWETF.NS,SBINEQWETF,NSE,EQ
SBISILVER,SBISILVER.NS,SBISILVER,NSE,EQ
SCHAEFFLER,SCHAEFFLER.NS,SCHAEFFLER,NSE,EQ
SCHAND,SCHAND.NS,SCHAND,NSE,EQ
SCI,SCI.NS,SCI,NSE,EQ
SCILAL,SCILAL.NS,SCILAL,NSE,EQ
SCODATUBES,SCODATUBES.NS,SCODATUBES,NSE,EQ
SDBL,SDBL.NS,SDBL,NSE,EQ
SDL26BEES,SDL26BEES.NS,SDL26BEES,NSE,EQ
SEAMECLTD,SEAMECLTD.NS,SEAMECLTD,NSE,EQ
SECMARK,SECMARK.NS,SECMARK,NSE,EQ
SECURKLOUD,SECURKLOUD.NS,SECURKLOUD,NSE,EQ
SEDEMAC,SEDEMAC.NS,SEDEMAC,NSE,EQ
SEJALLTD,SEJALLTD.NS,SEJALLTD,NSE,EQ
SELECTIPO,SELECTIPO.NS,SELECTIPO,NSE,EQ
SELMC,SELMC.NS,SELMC,NSE,EQ
SEMAC,SEMAC.NS,SEMAC,NSE,EQ
SENCO,SENCO.NS,SENCO,NSE,EQ
SENORES,SENORES.NS,SENORES,NSE,EQ
SENSEXADD,SENSEXADD.NS,SENSEXADD,NSE,EQ
SENSEXBETA,SENSEXBETA.NS,SENSEXBETA,NSE,EQ
SENSEXETF,SENSEXETF.NS,SENSEXETF,NSE,EQ
SENSEXIETF,SENSEXIETF.NS,SENSEXIETF,NSE,EQ
SEPC,SEPC.NS,SEPC,NSE,EQ
SERVOTECH,SERVOTECH.NS,SERVOTECH,NSE,EQ
SESHAPAPER,SESHAPAPER.NS,SESHAPAPER,NSE,EQ
SETCO,SETCO.NS,SETCO,NSE,EQ
SETF10GILT,SETF10GILT.NS,SETF10GILT,NSE,EQ
SETFGOLD,SETFGOLD.NS,SETFGOLD,NSE,EQ
SETFNIF50,SETFNIF50.NS,SETFNIF50,NSE,EQ
SETFNIFBK,SETFNIFBK.NS,SETFNIFBK,NSE,EQ
SETFNN50,SETFNN50.NS,SETFNN50,NSE,EQ
SETL,SETL.NS,SETL,NSE,EQ
SFL,SFL.NS,SFL,NSE,EQ
SGFIN,SGFIN.NS,SGFIN,NSE,EQ
SGIL,SGIL.NS,SGIL,NSE,EQ
SGL,SGL.NS,SGL,NSE,EQ
SGMART,SGMART.NS,SGMART,NSE,EQ
SHADOWFAX,SHADOWFAX.NS,SHADOWFAX,NSE,EQ
SHAH,SHAH.NS,SHAH,NSE,EQ
SHAHALLOYS,SHAHALLOYS.NS,SHAHALLOYS,NSE,EQ
SHAILY,SHAILY.NS,SHAILY,NSE,EQ
SHAKTIPUMP,SHAKTIPUMP.NS,SHAKTIPUMP,NSE,EQ
SHALBY,SHALBY.NS,SHALBY,NSE,EQ
SHALPAINTS,SHALPAINTS.NS,SHALPAINTS,NSE,EQ
SHANTI,SHANTI.NS,SHANTI,NSE,EQ
SHANTIGEAR,SHANTIGEAR.NS,SHANTIGEAR,NSE,EQ
SHANTIGOLD,SHANTIGOLD.NS,SHANTIGOLD,NSE,EQ
SHARDACROP,SHARDACROP.NS,SHARDACROP,NSE,EQ
SHARDAMOTR,SHARDAMOTR.NS,SHARDAMOTR,NSE,EQ
SHAREINDIA,SHAREINDIA.NS,SHAREINDIA,NSE,EQ
SHARIABEES,SHARIABEES.NS,SHARIABEES,NSE,EQ
SHEKHAWATI,SHEKHAWATI.NS,SHEKHAWATI,NSE,EQ
SHEMAROO,SHEMAROO.NS,SHEMAROO,NSE,EQ
SHILCTECH,SHILCTECH.NS,SHILCTECH,NSE,EQ
SHILPAMED,SHILPAMED.NS,SHILPAMED,NSE,EQ
SHIVALIK,SHIVALIK.NS,SHIVALIK,NSE,EQ
SHIVAMAUTO,SHIVAMAUTO.NS,SHIVAMAUTO,NSE,EQ
SHIVAMILLS,SHIVAMILLS.NS,SHIVAMILLS,NSE,EQ
SHIVATEX,SHIVATEX.NS,SHIVATEX,NSE,EQ
SHIVAUM,SHIVAUM.NS,SHIVAUM,NSE,EQ
SHK,SHK.NS,SHK,NSE,EQ
SHOPERSTOP,SHOPERSTOP.NS,SHOPERSTOP,NSE,EQ
SHRADHA,SHRADHA.NS,SHRADHA,NSE,EQ
SHREDIGCEM,SHREDIGCEM.NS,SHREDIGCEM,NSE,EQ
SHREECEM,SHREECEM.NS,SHREECEM,NSE,EQ
SHREEJISPG,SHREEJISPG.NS,SHREEJISPG,NSE,EQ
SHREEPUSHK,SHREEPUSHK.NS,SHREEPUSHK,NSE,EQ
SHREERAMA,SHREERAMA.NS,SHREERAMA,NSE,EQ
SHREYANIND,SHREYANIND.NS,SHREYANIND,NSE,EQ
SHRINGARMS,SHRINGARMS.NS,SHRINGARMS,NSE,EQ
SHRIPISTON,SHRIPISTON.NS,SHRIPISTON,NSE,EQ
SHRIRAMFIN,SHRIRAMFIN.NS,SHRIRAMFIN,NSE,EQ
SHRIRAMPPS,SHRIRAMPPS.NS,SHRIRAMPPS,NSE,EQ
SHYAMCENT,SHYAMCENT.NS,SHYAMCENT,NSE,EQ
SHYAMMETL,SHYAMMETL.NS,SHYAMMETL,NSE,EQ
SHYAMTEL,SHYAMTEL.NS,SHYAMTEL,NSE,EQ
SIEMENS,SIEMENS.NS,SIEMENS,NSE,EQ
SIGACHI,SIGACHI.NS,SIGACHI,NSE,EQ
SIGIND,SIGIND.NS,SIGIND,NSE,EQ
SIGMA,SIGMA.NS,SIGMA,NSE,EQ
SIGNATURE,SIGNATURE.NS,SIGNATURE,NSE,EQ
SIGNPOST,SIGNPOST.NS,SIGNPOST,NSE,EQ
SIKKO,SIKKO.NS,SIKKO,NSE,EQ
SIL,SIL.NS,SIL,NSE,EQ
SILGO,SILGO.NS,SILGO,NSE,EQ
SILINV,SILINV.NS,SILINV,NSE,EQ
SILLYMONKS,SILLYMONKS.NS,SILLYMONKS,NSE,EQ
SILVER,SILVER.NS,SILVER,NSE,EQ
SILVER1,SILVER1.NS,SILVER1,NSE,EQ
SILVER360,SILVER360.NS,SILVER360,NSE,EQ
SILVERADD,SILVERADD.NS,SILVERADD,NSE,EQ
SILVERAG,SILVERAG.NS,SILVERAG,NSE,EQ
SILVERBEES,SILVERBEES.NS,SILVERBEES,NSE,EQ
SILVERBETA,SILVERBETA.NS,SILVERBETA,NSE,EQ
SILVERBND,SILVERBND.NS,SILVERBND,NSE,EQ
SILVERCASE,SILVERCASE.NS,SILVERCASE,NSE,EQ
SILVERIETF,SILVERIETF.NS,SILVERIETF,NSE,EQ
SILVERTUC,SILVERTUC.NS,SILVERTUC,NSE,EQ
SIMPLEXINF,SIMPLEXINF.NS,SIMPLEXINF,NSE,EQ
SINCLAIR,SINCLAIR.NS,SINCLAIR,NSE,EQ
SINDHUTRAD,SINDHUTRAD.NS,SINDHUTRAD,NSE,EQ
SINGERIND,SINGERIND.NS,SINGERIND,NSE,EQ
SINTERCOM,SINTERCOM.NS,SINTERCOM,NSE,EQ
SIRCA,SIRCA.NS,SIRCA,NSE,EQ
SIS,SIS.NS,SIS,NSE,EQ
SIYSIL,SIYSIL.NS,SIYSIL,NSE,EQ
SJS,SJS.NS,SJS,NSE,EQ
SJVN,SJVN.NS,SJVN,NSE,EQ
SKFINDIA,SKFINDIA.NS,SKFINDIA,NSE,EQ
SKFINDUS,SKFINDUS.NS,SKFINDUS,NSE,EQ
SKIPPER,SKIPPER.NS,SKIPPER,NSE,EQ
SKMEGGPROD,SKMEGGPROD.NS,SKMEGGPROD,NSE,EQ
SKYGOLD,SKYGOLD.NS,SKYGOLD,NSE,EQ
SMALL250,SMALL250.NS,SMALL250,NSE,EQ
SMALLADD,SMALLADD.NS,SMALLADD,NSE,EQ
SMALLCAP,SMALLCAP.NS,SMALLCAP,NSE,EQ
SMARTLINK,SMARTLINK.NS,SMARTLINK,NSE,EQ
SMARTWORKS,SMARTWORKS.NS,SMARTWORKS,NSE,EQ
SMCGLOBAL,SMCGLOBAL.NS,SMCGLOBAL,NSE,EQ
SML100CASE,SML100CASE.NS,SML100CASE,NSE,EQ
SMLMAH,SMLMAH.NS,SMLMAH,NSE,EQ
SMLT,SMLT.NS,SMLT,NSE,EQ
SMSPHARMA,SMSPHARMA.NS,SMSPHARMA,NSE,EQ
SNOWMAN,SNOWMAN.NS,SNOWMAN,NSE,EQ
SNXT30BEES,SNXT30BEES.NS,SNXT30BEES,NSE,EQ
SNXT50BETA,SNXT50BETA.NS,SNXT50BETA,NSE,EQ
SOBHA,SOBHA.NS,SOBHA,NSE,EQ
SOFTTECH,SOFTTECH.NS,SOFTTECH,NSE,EQ
SOLARA,SOLARA.NS,SOLARA,NSE,EQ
SOLARINDS,SOLARINDS.NS,SOLARINDS,NSE,EQ
SOLARWORLD,SOLARWORLD.NS,SOLARWORLD,NSE,EQ
SOLEX,SOLEX.NS,SOLEX,NSE,EQ
SOMANYCERA,SOMANYCERA.NS,SOMANYCERA,NSE,EQ
SOMICONVEY,SOMICONVEY.NS,SOMICONVEY,NSE,EQ
SONACOMS,SONACOMS.NS,SONACOMS,NSE,EQ
SONAMLTD,SONAMLTD.NS,SONAMLTD,NSE,EQ
SONATSOFTW,SONATSOFTW.NS,SONATSOFTW,NSE,EQ
SOTL,SOTL.NS,SOTL,NSE,EQ
SOUTHBANK,SOUTHBANK.NS,SOUTHBANK,NSE,EQ
SOUTHWEST,SOUTHWEST.NS,SOUTHWEST,NSE,EQ
SPAL,SPAL.NS,SPAL,NSE,EQ
SPANDANA,SPANDANA.NS,SPANDANA,NSE,EQ
SPARC,SPARC.NS,SPARC,NSE,EQ
SPCENET,SPCENET.NS,SPCENET,NSE,EQ
SPECIALITY,SPECIALITY.NS,SPECIALITY,NSE,EQ
SPECTRUM,SPECTRUM.NS,SPECTRUM,NSE,EQ
SPENCERS,SPENCERS.NS,SPENCERS,NSE,EQ
SPIC,SPIC.NS,SPIC,NSE,EQ
SPLIL,SPLIL.NS,SPLIL,NSE,EQ
SPLPETRO,SPLPETRO.NS,SPLPETRO,NSE,EQ
SPMLINFRA,SPMLINFRA.NS,SPMLINFRA,NSE,EQ
SPORTKING,SPORTKING.NS,SPORTKING,NSE,EQ
SRD,SRD.NS,SRD,NSE,EQ
SREEL,SREEL.NS,SREEL,NSE,EQ
SRF,SRF.NS,SRF,NSE,EQ
SRGHFL,SRGHFL.NS,SRGHFL,NSE,EQ
SRHHYPOLTD,SRHHYPOLTD.NS,SRHHYPOLTD,NSE,EQ
SRM,SRM.NS,SRM,NSE,EQ
SRTL,SRTL.NS,SRTL,NSE,EQ
SSDL,SSDL.NS,SSDL,NSE,EQ
SSWL,SSWL.NS,SSWL,NSE,EQ
STALLION,STALLION.NS,STALLION,NSE,EQ
STANLEY,STANLEY.NS,STANLEY,NSE,EQ
STAR,STAR.NS,STAR,NSE,EQ
STARCEMENT,STARCEMENT.NS,STARCEMENT,NSE,EQ
STARHEALTH,STARHEALTH.NS,STARHEALTH,NSE,EQ
STARPAPER,STARPAPER.NS,STARPAPER,NSE,EQ
STARTECK,STARTECK.NS,STARTECK,NSE,EQ
STCINDIA,STCINDIA.NS,STCINDIA,NSE,EQ
STEELCAS,STEELCAS.NS,STEELCAS,NSE,EQ
STEELCITY,STEELCITY.NS,STEELCITY,NSE,EQ
STEELXIND,STEELXIND.NS,STEELXIND,NSE,EQ
STEL,STEL.NS,STEL,NSE,EQ
STERTOOLS,STERTOOLS.NS,STERTOOLS,NSE,EQ
STLNETWORK,STLNETWORK.NS,STLNETWORK,NSE,EQ
STLTECH,STLTECH.NS,STLTECH,NSE,EQ
STOVEKRAFT,STOVEKRAFT.NS,STOVEKRAFT,NSE,EQ
STUDDS,STUDDS.NS,STUDDS,NSE,EQ
STYL,STYL.NS,STYL,NSE,EQ
STYLAMIND,STYLAMIND.NS,STYLAMIND,NSE,EQ
STYLEBAAZA,STYLEBAAZA.NS,STYLEBAAZA,NSE,EQ
STYRENIX,STYRENIX.NS,STYRENIX,NSE,EQ
SUBEXLTD,SUBEXLTD.NS,SUBEXLTD,NSE,EQ
SUBROS,SUBROS.NS,SUBROS,NSE,EQ
SUDARCOLOR,SUDARCOLOR.NS,SUDARCOLOR,NSE,EQ
SUDARSCHEM,SUDARSCHEM.NS,SUDARSCHEM,NSE,EQ
SUDEEPPHRM,SUDEEPPHRM.NS,SUDEEPPHRM,NSE,EQ
SUKHJITS,SUKHJITS.NS,SUKHJITS,NSE,EQ
SULA,SULA.NS,SULA,NSE,EQ
SUMEETINDS,SUMEETINDS.NS,SUMEETINDS,NSE,EQ
SUMICHEM,SUMICHEM.NS,SUMICHEM,NSE,EQ
SUMIT,SUMIT.NS,SUMIT,NSE,EQ
SUMMITSEC,SUMMITSEC.NS,SUMMITSEC,NSE,EQ
SUNCLAY,SUNCLAY.NS,SUNCLAY,NSE,EQ
SUNDARAM,SUNDARAM.NS,SUNDARAM,NSE,EQ
SUNDARMFIN,SUNDARMFIN.NS,SUNDARMFIN,NSE,EQ
SUNDRMBRAK,SUNDRMBRAK.NS,SUNDRMBRAK,NSE,EQ
SUNDRMFAST,SUNDRMFAST.NS,SUNDRMFAST,NSE,EQ
SUNDROP,SUNDROP.NS,SUNDROP,NSE,EQ
SUNFLAG,SUNFLAG.NS,SUNFLAG,NSE,EQ
SUNPHARMA,SUNPHARMA.NS,SUNPHARMA,NSE,EQ
SUNTECK,SUNTECK.NS,SUNTECK,NSE,EQ
SUNTV,SUNTV.NS,SUNTV,NSE,EQ
SUPERHOUSE,SUPERHOUSE.NS,SUPERHOUSE,NSE,EQ
SUPERSPIN,SUPERSPIN.NS,SUPERSPIN,NSE,EQ
SUPRAJIT,SUPRAJIT.NS,SUPRAJIT,NSE,EQ
SUPREME,SUPREME.NS,SUPREME,NSE,EQ
SUPREMEIND,SUPREMEIND.NS,SUPREMEIND,NSE,EQ
SUPRIYA,SUPRIYA.NS,SUPRIYA,NSE,EQ
SURAJEST,SURAJEST.NS,SURAJEST,NSE,EQ
SURAJLTD,SURAJLTD.NS,SURAJLTD,NSE,EQ
SURAKSHA,SURAKSHA.NS,SURAKSHA,NSE,EQ
SURANASOL,SURANASOL.NS,SURANASOL,NSE,EQ
SURANAT&P,SURANAT&P.NS,SURANAT&P,NSE,EQ
SURYALAXMI,SURYALAXMI.NS,SURYALAXMI,NSE,EQ
SURYAROSNI,SURYAROSNI.NS,SURYAROSNI,NSE,EQ
SURYODAY,SURYODAY.NS,SURYODAY,NSE,EQ
SUTLEJTEX,SUTLEJTEX.NS,SUTLEJTEX,NSE,EQ
SUVEN,SUVEN.NS,SUVEN,NSE,EQ
SUVIDHAA,SUVIDHAA.NS,SUVIDHAA,NSE,EQ
SUYOG,SUYOG.NS,SUYOG,NSE,EQ
SUZLON,SUZLON.NS,SUZLON,NSE,EQ
SVLL,SVLL.NS,SVLL,NSE,EQ
SVPGLOB,SVPGLOB.NS,SVPGLOB,NSE,EQ
SWANCORP,SWANCORP.NS,SWANCORP,NSE,EQ
SWARAJENG,SWARAJENG.NS,SWARAJENG,NSE,EQ
SWELECTES,SWELECTES.NS,SWELECTES,NSE,EQ
SWIGGY,SWIGGY.NS,SWIGGY,NSE,EQ
SWSOLAR,SWSOLAR.NS,SWSOLAR,NSE,EQ
SYMPHONY,SYMPHONY.NS,SYMPHONY,NSE,EQ
SYNCOMF,SYNCOMF.NS,SYNCOMF,NSE,EQ
SYNGENE,SYNGENE.NS,SYNGENE,NSE,EQ
SYRMA,SYRMA.NS,SYRMA,NSE,EQ
SYSTMTXC,SYSTMTXC.NS,SYSTMTXC,NSE,EQ
TAINWALCHM,TAINWALCHM.NS,TAINWALCHM,NSE,EQ
TAJGVK,TAJGVK.NS,TAJGVK,NSE,EQ
TALBROAUTO,TALBROAUTO.NS,TALBROAUTO,NSE,EQ
TANLA,TANLA.NS,TANLA,NSE,EQ
TARACHAND,TARACHAND.NS,TARACHAND,NSE,EQ
TARAPUR,TARAPUR.NS,TARAPUR,NSE,EQ
TARC,TARC.NS,TARC,NSE,EQ
TARIL,TARIL.NS,TARIL,NSE,EQ
TARSONS,TARSONS.NS,TARSONS,NSE,EQ
TASTYBITE,TASTYBITE.NS,TASTYBITE,NSE,EQ
TATACAP,TATACAP.NS,TATACAP,NSE,EQ
TATACHEM,TATACHEM.NS,TATACHEM,NSE,EQ
TATACOMM,TATACOMM.NS,TATACOMM,NSE,EQ
TATACONSUM,TATACONSUM.NS,TATACONSUM,NSE,EQ
TATAELXSI,TATAELXSI.NS,TATAELXSI,NSE,EQ
TATAGOLD,TATAGOLD.NS,TATAGOLD,NSE,EQ
TATAINVEST,TATAINVEST.NS,TATAINVEST,NSE,EQ
TATAPOWER,TATAPOWER.NS,TATAPOWER,NSE,EQ
TATASTEEL,TATASTEEL.NS,TATASTEEL,NSE,EQ
TATATECH,TATATECH.NS,TATATECH,NSE,EQ
TATSILV,TATSILV.NS,TATSILV,NSE,EQ
TATVA,TATVA.NS,TATVA,NSE,EQ
TBOTEK,TBOTEK.NS,TBOTEK,NSE,EQ
TBZ,TBZ.NS,TBZ,NSE,EQ
TCC,TCC.NS,TCC,NSE,EQ
TCI,TCI.NS,TCI,NSE,EQ
TCIEXP,TCIEXP.NS,TCIEXP,NSE,EQ
TCIFINANCE,TCIFINANCE.NS,TCIFINANCE,NSE,EQ
TCPLPACK,TCPLPACK.NS,TCPLPACK,NSE,EQ
TCS,TCS.NS,TCS,NSE,EQ
TDPOWERSYS,TDPOWERSYS.NS,TDPOWERSYS,NSE,EQ
TEAMGTY,TEAMGTY.NS,TEAMGTY,NSE,EQ
TEAMLEASE,TEAMLEASE.NS,TEAMLEASE,NSE,EQ
TECH,TECH.NS,TECH,NSE,EQ
TECHM,TECHM.NS,TECHM,NSE,EQ
TECHNOE,TECHNOE.NS,TECHNOE,NSE,EQ
TECILCHEM,TECILCHEM.NS,TECILCHEM,NSE,EQ
TEGA,TEGA.NS,TEGA,NSE,EQ
TEJASNET,TEJASNET.NS,TEJASNET,NSE,EQ
TEMBO,TEMBO.NS,TEMBO,NSE,EQ
TENNIND,TENNIND.NS,TENNIND,NSE,EQ
TERASOFT,TERASOFT.NS,TERASOFT,NSE,EQ
TEXINFRA,TEXINFRA.NS,TEXINFRA,NSE,EQ
TEXMOPIPES,TEXMOPIPES.NS,TEXMOPIPES,NSE,EQ
TEXRAIL,TEXRAIL.NS,TEXRAIL,NSE,EQ
TFCILTD,TFCILTD.NS,TFCILTD,NSE,EQ
TFL,TFL.NS,TFL,NSE,EQ
TGBHOTELS,TGBHOTELS.NS,TGBHOTELS,NSE,EQ
THANGAMAYL,THANGAMAYL.NS,THANGAMAYL,NSE,EQ
THEINVEST,THEINVEST.NS,THEINVEST,NSE,EQ
THEJO,THEJO.NS,THEJO,NSE,EQ
THELEELA,THELEELA.NS,THELEELA,NSE,EQ
THEMISMED,THEMISMED.NS,THEMISMED,NSE,EQ
THERMAX,THERMAX.NS,THERMAX,NSE,EQ
THOMASCOOK,THOMASCOOK.NS,THOMASCOOK,NSE,EQ
THOMASCOTT,THOMASCOTT.NS,THOMASCOTT,NSE,EQ
THYROCARE,THYROCARE.NS,THYROCARE,NSE,EQ
TI,TI.NS,TI,NSE,EQ
TICL,TICL.NS,TICL,NSE,EQ
TIGERLOGS,TIGERLOGS.NS,TIGERLOGS,NSE,EQ
TIIL,TIIL.NS,TIIL,NSE,EQ
TIINDIA,TIINDIA.NS,TIINDIA,NSE,EQ
TIL,TIL.NS,TIL,NSE,EQ
TIMETECHNO,TIMETECHNO.NS,TIMETECHNO,NSE,EQ
TIMKEN,TIMKEN.NS,TIMKEN,NSE,EQ
TINNARUBR,TINNARUBR.NS,TINNARUBR,NSE,EQ
TIPSFILMS,TIPSFILMS.NS,TIPSFILMS,NSE,EQ
TIPSMUSIC,TIPSMUSIC.NS,TIPSMUSIC,NSE,EQ
TIRUMALCHM,TIRUMALCHM.NS,TIRUMALCHM,NSE,EQ
TITAGARH,TITAGARH.NS,TITAGARH,NSE,EQ
TITAN,TITAN.NS,TITAN,NSE,EQ
TMB,TMB.NS,TMB,NSE,EQ
TMCV,TMCV.NS,TMCV,NSE,EQ
TMPV,TMPV.NS,TMPV,NSE,EQ
TNIDETF,TNIDETF.NS,TNIDETF,NSE,EQ
TNPETRO,TNPETRO.NS,TNPETRO,NSE,EQ
TNPL,TNPL.NS,TNPL,NSE,EQ
TNTELE,TNTELE.NS,TNTELE,NSE,EQ
TOKYOPLAST,TOKYOPLAST.NS,TOKYOPLAST,NSE,EQ
TOLINS,TOLINS.NS,TOLINS,NSE,EQ
TOP100CASE,TOP100CASE.NS,TOP100CASE,NSE,EQ
TOP10ADD,TOP10ADD.NS,TOP10ADD,NSE,EQ
TOP15IETF,TOP15IETF.NS,TOP15IETF,NSE,EQ
TOP20,TOP20.NS,TOP20,NSE,EQ
TORNTPHARM,TORNTPHARM.NS,TORNTPHARM,NSE,EQ
TORNTPOWER,TORNTPOWER.NS,TORNTPOWER,NSE,EQ
TOTAL,TOTAL.NS,TOTAL,NSE,EQ
TOUCHWOOD,TOUCHWOOD.NS,TOUCHWOOD,NSE,EQ
TPHQ,TPHQ.NS,TPHQ,NSE,EQ
TPLPLASTEH,TPLPLASTEH.NS,TPLPLASTEH,NSE,EQ
TRACXN,TRACXN.NS,TRACXN,NSE,EQ
TRANSRAILL,TRANSRAILL.NS,TRANSRAILL,NSE,EQ
TRANSWORLD,TRANSWORLD.NS,TRANSWORLD,NSE,EQ
TRAVELFOOD,TRAVELFOOD.NS,TRAVELFOOD,NSE,EQ
TREJHARA,TREJHARA.NS,TREJHARA,NSE,EQ
TREL,TREL.NS,TREL,NSE,EQ
TRENT,TRENT.NS,TRENT,NSE,EQ
TRF,TRF.NS,TRF,NSE,EQ
TRIDENT,TRIDENT.NS,TRIDENT,NSE,EQ
TRIGYN,TRIGYN.NS,TRIGYN,NSE,EQ
TRITURBINE,TRITURBINE.NS,TRITURBINE,NSE,EQ
TRIVENI,TRIVENI.NS,TRIVENI,NSE,EQ
TRU,TRU.NS,TRU,NSE,EQ
TRUALT,TRUALT.NS,TRUALT,NSE,EQ
TSFINV,TSFINV.NS,TSFINV,NSE,EQ
TTKHLTCARE,TTKHLTCARE.NS,TTKHLTCARE,NSE,EQ
TTKPRESTIG,TTKPRESTIG.NS,TTKPRESTIG,NSE,EQ
TTML,TTML.NS,TTML,NSE,EQ
TVSELECT,TVSELECT.NS,TVSELECT,NSE,EQ
TVSHLTD,TVSHLTD.NS,TVSHLTD,NSE,EQ
TVSMOTOR,TVSMOTOR.NS,TVSMOTOR,NSE,EQ
TVSSRICHAK,TVSSRICHAK.NS,TVSSRICHAK,NSE,EQ
TVTODAY,TVTODAY.NS,TVTODAY,NSE,EQ
TVVISION,TVVISION.NS,TVVISION,NSE,EQ
TWCGOLDETF,TWCGOLDETF.NS,TWCGOLDETF,NSE,EQ
UBL,UBL.NS,UBL,NSE,EQ
UCAL,UCAL.NS,UCAL,NSE,EQ
UCOBANK,UCOBANK.NS,UCOBANK,NSE,EQ
UDS,UDS.NS,UDS,NSE,EQ
UEL,UEL.NS,UEL,NSE,EQ
UFBL,UFBL.NS,UFBL,NSE,EQ
UFLEX,UFLEX.NS,UFLEX,NSE,EQ
UFO,UFO.NS,UFO,NSE,EQ
UGARSUGAR,UGARSUGAR.NS,UGARSUGAR,NSE,EQ
UGROCAP,UGROCAP.NS,UGROCAP,NSE,EQ
UJJIVANSFB,UJJIVANSFB.NS,UJJIVANSFB,NSE,EQ
ULTRACEMCO,ULTRACEMCO.NS,ULTRACEMCO,NSE,EQ
UMAEXPORTS,UMAEXPORTS.NS,UMAEXPORTS,NSE,EQ
UMIYA-MRO,UMIYA-MRO.NS,UMIYA-MRO,NSE,EQ
UNICHEMLAB,UNICHEMLAB.NS,UNICHEMLAB,NSE,EQ
UNIDT,UNIDT.NS,UNIDT,NSE,EQ
UNIECOM,UNIECOM.NS,UNIECOM,NSE,EQ
UNIENTER,UNIENTER.NS,UNIENTER,NSE,EQ
UNIINFO,UNIINFO.NS,UNIINFO,NSE,EQ
UNIMECH,UNIMECH.NS,UNIMECH,NSE,EQ
UNIONBANK,UNIONBANK.NS,UNIONBANK,NSE,EQ
UNIONGOLD,UNIONGOLD.NS,UNIONGOLD,NSE,EQ
UNIPARTS,UNIPARTS.NS,UNIPARTS,NSE,EQ
UNITDSPR,UNITDSPR.NS,UNITDSPR,NSE,EQ
UNITECH,UNITECH.NS,UNITECH,NSE,EQ
UNITEDPOLY,UNITEDPOLY.NS,UNITEDPOLY,NSE,EQ
UNITEDTEA,UNITEDTEA.NS,UNITEDTEA,NSE,EQ
UNIVASTU,UNIVASTU.NS,UNIVASTU,NSE,EQ
UNIVCABLES,UNIVCABLES.NS,UNIVCABLES,NSE,EQ
UNOMINDA,UNOMINDA.NS,UNOMINDA,NSE,EQ
UPL,UPL.NS,UPL,NSE,EQ
URAVIDEF,URAVIDEF.NS,URAVIDEF,NSE,EQ
URBANCO,URBANCO.NS,URBANCO,NSE,EQ
URJA,URJA.NS,URJA,NSE,EQ
USHAMART,USHAMART.NS,USHAMART,NSE,EQ
UTIAMC,UTIAMC.NS,UTIAMC,NSE,EQ
UTKARSHBNK,UTKARSHBNK.NS,UTKARSHBNK,NSE,EQ
UTLSOLAR,UTLSOLAR.NS,UTLSOLAR,NSE,EQ
UTTAMSUGAR,UTTAMSUGAR.NS,UTTAMSUGAR,NSE,EQ
UYFINCORP,UYFINCORP.NS,UYFINCORP,NSE,EQ
V2RETAIL,V2RETAIL.NS,V2RETAIL,NSE,EQ
VADILALIND,VADILALIND.NS,VADILALIND,NSE,EQ
VAIBHAVGBL,VAIBHAVGBL.NS,VAIBHAVGBL,NSE,EQ
VAISHALI,VAISHALI.NS,VAISHALI,NSE,EQ
VAKRANGEE,VAKRANGEE.NS,VAKRANGEE,NSE,EQ
VAL30IETF,VAL30IETF.NS,VAL30IETF,NSE,EQ
VALIANTLAB,VALIANTLAB.NS,VALIANTLAB,NSE,EQ
VALIANTORG,VALIANTORG.NS,VALIANTORG,NSE,EQ
VALUE,VALUE.NS,VALUE,NSE,EQ
VARDHACRLC,VARDHACRLC.NS,VARDHACRLC,NSE,EQ
VARROC,VARROC.NS,VARROC,NSE,EQ
VASCONEQ,VASCONEQ.NS,VASCONEQ,NSE,EQ
VASWANI,VASWANI.NS,VASWANI,NSE,EQ
VBL,VBL.NS,VBL,NSE,EQ
VCL,VCL.NS,VCL,NSE,EQ
VEDL,VEDL.NS,VEDL,NSE,EQ
VEEDOL,VEEDOL.NS,VEEDOL,NSE,EQ
VENKEYS,VENKEYS.NS,VENKEYS,NSE,EQ
VENTIVE,VENTIVE.NS,VENTIVE,NSE,EQ
VENUSPIPES,VENUSPIPES.NS,VENUSPIPES,NSE,EQ
VENUSREM,VENUSREM.NS,VENUSREM,NSE,EQ
VERANDA,VERANDA.NS,VERANDA,NSE,EQ
VERTOZ,VERTOZ.NS,VERTOZ,NSE,EQ
VESUVIUS,VESUVIUS.NS,VESUVIUS,NSE,EQ
VETO,VETO.NS,VETO,NSE,EQ
VGL,VGL.NS,VGL,NSE,EQ
VGUARD,VGUARD.NS,VGUARD,NSE,EQ
VHL,VHL.NS,VHL,NSE,EQ
VIDHIING,VIDHIING.NS,VIDHIING,NSE,EQ
VIDYAWIRES,VIDYAWIRES.NS,VIDYAWIRES,NSE,EQ
VIJAYA,VIJAYA.NS,VIJAYA,NSE,EQ
VIKASECO,VIKASECO.NS,VIKASECO,NSE,EQ
VIKASLIFE,VIKASLIFE.NS,VIKASLIFE,NSE,EQ
VIKRAMSOLR,VIKRAMSOLR.NS,VIKRAMSOLR,NSE,EQ
VIKRAN,VIKRAN.NS,VIKRAN,NSE,EQ
VIMTALABS,VIMTALABS.NS,VIMTALABS,NSE,EQ
VINATIORGA,VINATIORGA.NS,VINATIORGA,NSE,EQ
VINCOFE,VINCOFE.NS,VINCOFE,NSE,EQ
VINDHYATEL,VINDHYATEL.NS,VINDHYATEL,NSE,EQ
VINEETLAB,VINEETLAB.NS,VINEETLAB,NSE,EQ
VINNY,VINNY.NS,VINNY,NSE,EQ
VINYLINDIA,VINYLINDIA.NS,VINYLINDIA,NSE,EQ
VIPCLOTHNG,VIPCLOTHNG.NS,VIPCLOTHNG,NSE,EQ
VIPIND,VIPIND.NS,VIPIND,NSE,EQ
VIRINCHI,VIRINCHI.NS,VIRINCHI,NSE,EQ
VISAKAIND,VISAKAIND.NS,VISAKAIND,NSE,EQ
VISASTEEL,VISASTEEL.NS,VISASTEEL,NSE,EQ
VISHNU,VISHNU.NS,VISHNU,NSE,EQ
VISHWARAJ,VISHWARAJ.NS,VISHWARAJ,NSE,EQ
VITAL,VITAL.NS,VITAL,NSE,EQ
VIVIDHA,VIVIDHA.NS,VIVIDHA,NSE,EQ
VIVIMEDLAB,VIVIMEDLAB.NS,VIVIMEDLAB,NSE,EQ
VIYASH,VIYASH.NS,VIYASH,NSE,EQ
VLEGOV,VLEGOV.NS,VLEGOV,NSE,EQ
VLSFINANCE,VLSFINANCE.NS,VLSFINANCE,NSE,EQ
VMART,VMART.NS,VMART,NSE,EQ
VMM,VMM.NS,VMM,NSE,EQ
VMSTMT,VMSTMT.NS,VMSTMT,NSE,EQ
VOLTAMP,VOLTAMP.NS,VOLTAMP,NSE,EQ
VOLTAS,VOLTAS.NS,VOLTAS,NSE,EQ
VPRPL,VPRPL.NS,VPRPL,NSE,EQ
VRAJ,VRAJ.NS,VRAJ,NSE,EQ
VRLLOG,VRLLOG.NS,VRLLOG,NSE,EQ
VSSL,VSSL.NS,VSSL,NSE,EQ
VSTIND,VSTIND.NS,VSTIND,NSE,EQ
VSTL,VSTL.NS,VSTL,NSE,EQ
VSTTILLERS,VSTTILLERS.NS,VSTTILLERS,NSE,EQ
VTL,VTL.NS,VTL,NSE,EQ
WAAREEENER,WAAREEENER.NS,WAAREEENER,NSE,EQ
WAAREERTL,WAAREERTL.NS,WAAREERTL,NSE,EQ
WABAG,WABAG.NS,WABAG,NSE,EQ
WAKEFIT,WAKEFIT.NS,WAKEFIT,NSE,EQ
WALCHANNAG,WALCHANNAG.NS,WALCHANNAG,NSE,EQ
WCIL,WCIL.NS,WCIL,NSE,EQ
WEALTH,WEALTH.NS,WEALTH,NSE,EQ
WEBELSOLAR,WEBELSOLAR.NS,WEBELSOLAR,NSE,EQ
WEIZMANIND,WEIZMANIND.NS,WEIZMANIND,NSE,EQ
WEL,WEL.NS,WEL,NSE,EQ
WELCORP,WELCORP.NS,WELCORP,NSE,EQ
WELENT,WELENT.NS,WELENT,NSE,EQ
WELINV,WELINV.NS,WELINV,NSE,EQ
WELSPUNLIV,WELSPUNLIV.NS,WELSPUNLIV,NSE,EQ
WENDT,WENDT.NS,WENDT,NSE,EQ
WESTLIFE,WESTLIFE.NS,WESTLIFE,NSE,EQ
WEWIN,WEWIN.NS,WEWIN,NSE,EQ
WEWORK,WEWORK.NS,WEWORK,NSE,EQ
WHEELS,WHEELS.NS,WHEELS,NSE,EQ
WHIRLPOOL,WHIRLPOOL.NS,WHIRLPOOL,NSE,EQ
WILLAMAGOR,WILLAMAGOR.NS,WILLAMAGOR,NSE,EQ
WINDLAS,WINDLAS.NS,WINDLAS,NSE,EQ
WINDMACHIN,WINDMACHIN.NS,WINDMACHIN,NSE,EQ
WIPL,WIPL.NS,WIPL,NSE,EQ
WIPRO,WIPRO.NS,WIPRO,NSE,EQ
WOCKPHARMA,WOCKPHARMA.NS,WOCKPHARMA,NSE,EQ
WONDERLA,WONDERLA.NS,WONDERLA,NSE,EQ
WORTHPERI,WORTHPERI.NS,WORTHPERI,NSE,EQ
WSI,WSI.NS,WSI,NSE,EQ
WSTCSTPAPR,WSTCSTPAPR.NS,WSTCSTPAPR,NSE,EQ
XCHANGING,XCHANGING.NS,XCHANGING,NSE,EQ
XELPMOC,XELPMOC.NS,XELPMOC,NSE,EQ
XPROINDIA,XPROINDIA.NS,XPROINDIA,NSE,EQ
XTGLOBAL,XTGLOBAL.NS,XTGLOBAL,NSE,EQ
YASHO,YASHO.NS,YASHO,NSE,EQ
YATHARTH,YATHARTH.NS,YATHARTH,NSE,EQ
YATRA,YATRA.NS,YATRA,NSE,EQ
YESBANK,YESBANK.NS,YESBANK,NSE,EQ
YUKEN,YUKEN.NS,YUKEN,NSE,EQ
ZAGGLE,ZAGGLE.NS,ZAGGLE,NSE,EQ
ZEEL,ZEEL.NS,ZEEL,NSE,EQ
ZEELEARN,ZEELEARN.NS,ZEELEARN,NSE,EQ
ZENITHEXPO,ZENITHEXPO.NS,ZENITHEXPO,NSE,EQ
ZENITHSTL,ZENITHSTL.NS,ZENITHSTL,NSE,EQ
ZENSARTECH,ZENSARTECH.NS,ZENSARTECH,NSE,EQ
ZENTEC,ZENTEC.NS,ZENTEC,NSE,EQ
ZFCVINDIA,ZFCVINDIA.NS,ZFCVINDIA,NSE,EQ
ZIMLAB,ZIMLAB.NS,ZIMLAB,NSE,EQ
ZODIAC,ZODIAC.NS,ZODIAC,NSE,EQ
ZODIACLOTH,ZODIACLOTH.NS,ZODIACLOTH,NSE,EQ
ZOTA,ZOTA.NS,ZOTA,NSE,EQ
ZUARI,ZUARI.NS,ZUARI,NSE,EQ
ZUARIIND,ZUARIIND.NS,ZUARIIND,NSE,EQ
ZYDUSLIFE,ZYDUSLIFE.NS,ZYDUSLIFE,NSE,EQ
ZYDUSWELL,ZYDUSWELL.NS,ZYDUSWELL,NSE,EQ
